--
-- PostgreSQL database dump
--

-- Dumped from database version 14.8 (Homebrew)
-- Dumped by pg_dump version 14.8 (Homebrew)

SET statement_timeout = 0;
SET lock_timeout = 0;
SET idle_in_transaction_session_timeout = 0;
SET client_encoding = 'UTF8';
SET standard_conforming_strings = on;
SELECT pg_catalog.set_config('search_path', '', false);
SET check_function_bodies = false;
SET xmloption = content;
SET client_min_messages = warning;
SET row_security = off;

SET default_tablespace = '';

SET default_table_access_method = heap;

--
-- Name: auth_group; Type: TABLE; Schema: public; Owner: disabilitysceneuser
--

CREATE TABLE public.auth_group (
    id integer NOT NULL,
    name character varying(150) NOT NULL
);


ALTER TABLE public.auth_group OWNER TO disabilitysceneuser;

--
-- Name: auth_group_id_seq; Type: SEQUENCE; Schema: public; Owner: disabilitysceneuser
--

ALTER TABLE public.auth_group ALTER COLUMN id ADD GENERATED BY DEFAULT AS IDENTITY (
    SEQUENCE NAME public.auth_group_id_seq
    START WITH 1
    INCREMENT BY 1
    NO MINVALUE
    NO MAXVALUE
    CACHE 1
);


--
-- Name: auth_group_permissions; Type: TABLE; Schema: public; Owner: disabilitysceneuser
--

CREATE TABLE public.auth_group_permissions (
    id bigint NOT NULL,
    group_id integer NOT NULL,
    permission_id integer NOT NULL
);


ALTER TABLE public.auth_group_permissions OWNER TO disabilitysceneuser;

--
-- Name: auth_group_permissions_id_seq; Type: SEQUENCE; Schema: public; Owner: disabilitysceneuser
--

ALTER TABLE public.auth_group_permissions ALTER COLUMN id ADD GENERATED BY DEFAULT AS IDENTITY (
    SEQUENCE NAME public.auth_group_permissions_id_seq
    START WITH 1
    INCREMENT BY 1
    NO MINVALUE
    NO MAXVALUE
    CACHE 1
);


--
-- Name: auth_permission; Type: TABLE; Schema: public; Owner: disabilitysceneuser
--

CREATE TABLE public.auth_permission (
    id integer NOT NULL,
    name character varying(255) NOT NULL,
    content_type_id integer NOT NULL,
    codename character varying(100) NOT NULL
);


ALTER TABLE public.auth_permission OWNER TO disabilitysceneuser;

--
-- Name: auth_permission_id_seq; Type: SEQUENCE; Schema: public; Owner: disabilitysceneuser
--

ALTER TABLE public.auth_permission ALTER COLUMN id ADD GENERATED BY DEFAULT AS IDENTITY (
    SEQUENCE NAME public.auth_permission_id_seq
    START WITH 1
    INCREMENT BY 1
    NO MINVALUE
    NO MAXVALUE
    CACHE 1
);


--
-- Name: auth_user; Type: TABLE; Schema: public; Owner: disabilitysceneuser
--

CREATE TABLE public.auth_user (
    id integer NOT NULL,
    password character varying(128) NOT NULL,
    last_login timestamp with time zone,
    is_superuser boolean NOT NULL,
    username character varying(150) NOT NULL,
    first_name character varying(150) NOT NULL,
    last_name character varying(150) NOT NULL,
    email character varying(254) NOT NULL,
    is_staff boolean NOT NULL,
    is_active boolean NOT NULL,
    date_joined timestamp with time zone NOT NULL
);


ALTER TABLE public.auth_user OWNER TO disabilitysceneuser;

--
-- Name: auth_user_groups; Type: TABLE; Schema: public; Owner: disabilitysceneuser
--

CREATE TABLE public.auth_user_groups (
    id bigint NOT NULL,
    user_id integer NOT NULL,
    group_id integer NOT NULL
);


ALTER TABLE public.auth_user_groups OWNER TO disabilitysceneuser;

--
-- Name: auth_user_groups_id_seq; Type: SEQUENCE; Schema: public; Owner: disabilitysceneuser
--

ALTER TABLE public.auth_user_groups ALTER COLUMN id ADD GENERATED BY DEFAULT AS IDENTITY (
    SEQUENCE NAME public.auth_user_groups_id_seq
    START WITH 1
    INCREMENT BY 1
    NO MINVALUE
    NO MAXVALUE
    CACHE 1
);


--
-- Name: auth_user_id_seq; Type: SEQUENCE; Schema: public; Owner: disabilitysceneuser
--

ALTER TABLE public.auth_user ALTER COLUMN id ADD GENERATED BY DEFAULT AS IDENTITY (
    SEQUENCE NAME public.auth_user_id_seq
    START WITH 1
    INCREMENT BY 1
    NO MINVALUE
    NO MAXVALUE
    CACHE 1
);


--
-- Name: auth_user_user_permissions; Type: TABLE; Schema: public; Owner: disabilitysceneuser
--

CREATE TABLE public.auth_user_user_permissions (
    id bigint NOT NULL,
    user_id integer NOT NULL,
    permission_id integer NOT NULL
);


ALTER TABLE public.auth_user_user_permissions OWNER TO disabilitysceneuser;

--
-- Name: auth_user_user_permissions_id_seq; Type: SEQUENCE; Schema: public; Owner: disabilitysceneuser
--

ALTER TABLE public.auth_user_user_permissions ALTER COLUMN id ADD GENERATED BY DEFAULT AS IDENTITY (
    SEQUENCE NAME public.auth_user_user_permissions_id_seq
    START WITH 1
    INCREMENT BY 1
    NO MINVALUE
    NO MAXVALUE
    CACHE 1
);


--
-- Name: disabilityscene_cast; Type: TABLE; Schema: public; Owner: disabilitysceneuser
--

CREATE TABLE public.disabilityscene_cast (
    id bigint NOT NULL,
    name character varying(1000) NOT NULL,
    credits character varying(1000) NOT NULL,
    title character varying(1000) NOT NULL,
    img text NOT NULL,
    character_name character varying(1000) NOT NULL
);


ALTER TABLE public.disabilityscene_cast OWNER TO disabilitysceneuser;

--
-- Name: disabilityscene_cast_id_seq; Type: SEQUENCE; Schema: public; Owner: disabilitysceneuser
--

ALTER TABLE public.disabilityscene_cast ALTER COLUMN id ADD GENERATED BY DEFAULT AS IDENTITY (
    SEQUENCE NAME public.disabilityscene_cast_id_seq
    START WITH 1
    INCREMENT BY 1
    NO MINVALUE
    NO MAXVALUE
    CACHE 1
);


--
-- Name: disabilityscene_movie; Type: TABLE; Schema: public; Owner: disabilitysceneuser
--

CREATE TABLE public.disabilityscene_movie (
    id bigint NOT NULL,
    title character varying(1000) NOT NULL,
    media_type character varying(1000) NOT NULL,
    year integer NOT NULL,
    genre character varying(1000) NOT NULL,
    duration integer NOT NULL,
    disabilities character varying(1000) NOT NULL,
    themes character varying(1000) NOT NULL,
    img text NOT NULL,
    description text NOT NULL
);


ALTER TABLE public.disabilityscene_movie OWNER TO disabilitysceneuser;

--
-- Name: disabilityscene_movie_cast_members; Type: TABLE; Schema: public; Owner: disabilitysceneuser
--

CREATE TABLE public.disabilityscene_movie_cast_members (
    id bigint NOT NULL,
    movie_id bigint NOT NULL,
    cast_id bigint NOT NULL
);


ALTER TABLE public.disabilityscene_movie_cast_members OWNER TO disabilitysceneuser;

--
-- Name: disabilityscene_movie_cast_members_id_seq; Type: SEQUENCE; Schema: public; Owner: disabilitysceneuser
--

ALTER TABLE public.disabilityscene_movie_cast_members ALTER COLUMN id ADD GENERATED BY DEFAULT AS IDENTITY (
    SEQUENCE NAME public.disabilityscene_movie_cast_members_id_seq
    START WITH 1
    INCREMENT BY 1
    NO MINVALUE
    NO MAXVALUE
    CACHE 1
);


--
-- Name: disabilityscene_movie_id_seq; Type: SEQUENCE; Schema: public; Owner: disabilitysceneuser
--

ALTER TABLE public.disabilityscene_movie ALTER COLUMN id ADD GENERATED BY DEFAULT AS IDENTITY (
    SEQUENCE NAME public.disabilityscene_movie_id_seq
    START WITH 1
    INCREMENT BY 1
    NO MINVALUE
    NO MAXVALUE
    CACHE 1
);


--
-- Name: disabilityscene_review; Type: TABLE; Schema: public; Owner: disabilitysceneuser
--

CREATE TABLE public.disabilityscene_review (
    id bigint NOT NULL,
    title character varying(1000) NOT NULL,
    reviewer_name character varying(1000) NOT NULL,
    review_text text NOT NULL,
    date character varying(1000) NOT NULL,
    casting_score double precision NOT NULL,
    character_score double precision NOT NULL,
    originality_score double precision NOT NULL,
    accuracy_score double precision NOT NULL,
    movie_id bigint NOT NULL
);


ALTER TABLE public.disabilityscene_review OWNER TO disabilitysceneuser;

--
-- Name: disabilityscene_review_id_seq; Type: SEQUENCE; Schema: public; Owner: disabilitysceneuser
--

ALTER TABLE public.disabilityscene_review ALTER COLUMN id ADD GENERATED BY DEFAULT AS IDENTITY (
    SEQUENCE NAME public.disabilityscene_review_id_seq
    START WITH 1
    INCREMENT BY 1
    NO MINVALUE
    NO MAXVALUE
    CACHE 1
);


--
-- Name: django_admin_log; Type: TABLE; Schema: public; Owner: disabilitysceneuser
--

CREATE TABLE public.django_admin_log (
    id integer NOT NULL,
    action_time timestamp with time zone NOT NULL,
    object_id text,
    object_repr character varying(200) NOT NULL,
    action_flag smallint NOT NULL,
    change_message text NOT NULL,
    content_type_id integer,
    user_id integer NOT NULL,
    CONSTRAINT django_admin_log_action_flag_check CHECK ((action_flag >= 0))
);


ALTER TABLE public.django_admin_log OWNER TO disabilitysceneuser;

--
-- Name: django_admin_log_id_seq; Type: SEQUENCE; Schema: public; Owner: disabilitysceneuser
--

ALTER TABLE public.django_admin_log ALTER COLUMN id ADD GENERATED BY DEFAULT AS IDENTITY (
    SEQUENCE NAME public.django_admin_log_id_seq
    START WITH 1
    INCREMENT BY 1
    NO MINVALUE
    NO MAXVALUE
    CACHE 1
);


--
-- Name: django_content_type; Type: TABLE; Schema: public; Owner: disabilitysceneuser
--

CREATE TABLE public.django_content_type (
    id integer NOT NULL,
    app_label character varying(100) NOT NULL,
    model character varying(100) NOT NULL
);


ALTER TABLE public.django_content_type OWNER TO disabilitysceneuser;

--
-- Name: django_content_type_id_seq; Type: SEQUENCE; Schema: public; Owner: disabilitysceneuser
--

ALTER TABLE public.django_content_type ALTER COLUMN id ADD GENERATED BY DEFAULT AS IDENTITY (
    SEQUENCE NAME public.django_content_type_id_seq
    START WITH 1
    INCREMENT BY 1
    NO MINVALUE
    NO MAXVALUE
    CACHE 1
);


--
-- Name: django_migrations; Type: TABLE; Schema: public; Owner: disabilitysceneuser
--

CREATE TABLE public.django_migrations (
    id bigint NOT NULL,
    app character varying(255) NOT NULL,
    name character varying(255) NOT NULL,
    applied timestamp with time zone NOT NULL
);


ALTER TABLE public.django_migrations OWNER TO disabilitysceneuser;

--
-- Name: django_migrations_id_seq; Type: SEQUENCE; Schema: public; Owner: disabilitysceneuser
--

ALTER TABLE public.django_migrations ALTER COLUMN id ADD GENERATED BY DEFAULT AS IDENTITY (
    SEQUENCE NAME public.django_migrations_id_seq
    START WITH 1
    INCREMENT BY 1
    NO MINVALUE
    NO MAXVALUE
    CACHE 1
);


--
-- Name: django_session; Type: TABLE; Schema: public; Owner: disabilitysceneuser
--

CREATE TABLE public.django_session (
    session_key character varying(40) NOT NULL,
    session_data text NOT NULL,
    expire_date timestamp with time zone NOT NULL
);


ALTER TABLE public.django_session OWNER TO disabilitysceneuser;

--
-- Data for Name: auth_group; Type: TABLE DATA; Schema: public; Owner: disabilitysceneuser
--

COPY public.auth_group (id, name) FROM stdin;
\.


--
-- Data for Name: auth_group_permissions; Type: TABLE DATA; Schema: public; Owner: disabilitysceneuser
--

COPY public.auth_group_permissions (id, group_id, permission_id) FROM stdin;
\.


--
-- Data for Name: auth_permission; Type: TABLE DATA; Schema: public; Owner: disabilitysceneuser
--

COPY public.auth_permission (id, name, content_type_id, codename) FROM stdin;
1	Can add log entry	1	add_logentry
2	Can change log entry	1	change_logentry
3	Can delete log entry	1	delete_logentry
4	Can view log entry	1	view_logentry
5	Can add permission	2	add_permission
6	Can change permission	2	change_permission
7	Can delete permission	2	delete_permission
8	Can view permission	2	view_permission
9	Can add group	3	add_group
10	Can change group	3	change_group
11	Can delete group	3	delete_group
12	Can view group	3	view_group
13	Can add user	4	add_user
14	Can change user	4	change_user
15	Can delete user	4	delete_user
16	Can view user	4	view_user
17	Can add content type	5	add_contenttype
18	Can change content type	5	change_contenttype
19	Can delete content type	5	delete_contenttype
20	Can view content type	5	view_contenttype
21	Can add session	6	add_session
22	Can change session	6	change_session
23	Can delete session	6	delete_session
24	Can view session	6	view_session
25	Can add cast	7	add_cast
26	Can change cast	7	change_cast
27	Can delete cast	7	delete_cast
28	Can view cast	7	view_cast
29	Can add movie	8	add_movie
30	Can change movie	8	change_movie
31	Can delete movie	8	delete_movie
32	Can view movie	8	view_movie
33	Can add review	9	add_review
34	Can change review	9	change_review
35	Can delete review	9	delete_review
36	Can view review	9	view_review
\.


--
-- Data for Name: auth_user; Type: TABLE DATA; Schema: public; Owner: disabilitysceneuser
--

COPY public.auth_user (id, password, last_login, is_superuser, username, first_name, last_name, email, is_staff, is_active, date_joined) FROM stdin;
1	pbkdf2_sha256$600000$SKGHZRPiqDoAybnePOsXKU$rpF7RyTsoA1H330ei/VUI0ZGxqgD2L6lt3CueUELIaE=	2023-07-21 17:18:30.769797-04	t	margaretcamilletti			mhcamilletti@gmail.com	t	t	2023-07-21 17:15:59.353199-04
\.


--
-- Data for Name: auth_user_groups; Type: TABLE DATA; Schema: public; Owner: disabilitysceneuser
--

COPY public.auth_user_groups (id, user_id, group_id) FROM stdin;
\.


--
-- Data for Name: auth_user_user_permissions; Type: TABLE DATA; Schema: public; Owner: disabilitysceneuser
--

COPY public.auth_user_user_permissions (id, user_id, permission_id) FROM stdin;
\.


--
-- Data for Name: disabilityscene_cast; Type: TABLE DATA; Schema: public; Owner: disabilitysceneuser
--

COPY public.disabilityscene_cast (id, name, credits, title, img, character_name) FROM stdin;
12	Donna Gigliotti	The Fundamentals of Caring	Producer	https://resizing.flixster.com/-8gix1U0hrsNW3VQMrT51G982jw=/100x120/v2/https://flxt.tmsimg.com/assets/310727_v9_ba.jpg	Producer
34	Bob Penny	Forrest Gump	Actor	https://www.al.com/resizer/VxyNQW21ddbkx9sJD3MYDPBAfsw=/1280x0/smart/cloudfront-us-east-1.images.arcpublishing.com/advancelocal/5MS33PSH2VDVBPLMCASWQFM3NQ.jpg	Crony
1	Paul Rudd	The Fundamentals of Caring	Actor	https://resizing.flixster.com/xDg-it3VJIKrSQRQQBi-VuwOw-w=/100x120/v2/https://flxt.tmsimg.com/assets/50640_v9_bb.jpg	Ben Benjamin
2	Selena Gomez	The Fundamentals of Caring	Actor	https://resizing.flixster.com/vIn7nGTc7foBleU5aNxUH-EHpqE=/100x120/v2/https://flxt.tmsimg.com/assets/506666_v9_bc.jpg	Dot
3	Jennifer Ehle	The Fundamentals of Caring	Actor	https://resizing.flixster.com/-UFQyEYRtBa0agTJysdiwivPKlg=/100x120/v2/https://flxt.tmsimg.com/assets/76517_v9_bb.jpg	Elsa
4	Craig Roberts	The Fundamentals of Caring	Actor	https://resizing.flixster.com/LNGqQ2wfuFyQa69qsSa304EoF4o=/100x120/v2/https://flxt.tmsimg.com/assets/519720_v9_bb.jpg	Trevor
5	Megan Ferguson	The Fundamentals of Caring	Actor	https://resizing.flixster.com/TK3OX4UqeK76zU9w9-bsGqFkKzs=/100x120/v2/https://flxt.tmsimg.com/assets/751474_v9_ba.jpg	Peaches
6	Julia Denton	The Fundamentals of Caring	Actor	https://m.media-amazon.com/images/M/MV5BMDUzNTc5ZmQtOWVjMy00YzFmLWI2YmYtNWU3OWRkZTkxM2IxXkEyXkFqcGdeQXVyMTkwMTE4NjM@._V1_.jpg	Janet
7	Alex Huff	The Fundamentals of Caring	Actor	https://m.media-amazon.com/images/M/MV5BNmFlNzBmMDMtNGRiZS00ZTk4LWFiMzAtZjAwMDlmZTFhMGNmXkEyXkFqcGdeQXVyNDkyNTUwNTY@._V1_.jpg	Jodie
8	Samantha Huskey	The Fundamentals of Caring	Actor	https://m.media-amazon.com/images/M/MV5BNmE3MmE4MGYtZjc0OS00NDZlLTkxMDgtYjg0YzhhMDAyY2IyXkEyXkFqcGdeQXVyMjIxMDc5MDY@._V1_.jpg	Kaitlin
9	Bill Murphey	The Fundamentals of Caring	Actor	https://encoreatlanta.com/wp-content/uploads/2010/08/Bill_Murphey.jpg	Mike
10	Donna Biscoe	The Fundamentals of Caring	Actor	https://resizing.flixster.com/1vF0YQy6_C9Gz0duV5RBc7JvDVA=/100x120/v2/https://flxt.tmsimg.com/assets/125340_v9_ab.jpg	Caregiving Instructor
13	James Spies	The Fundamentals of Caring	Producer	https://westsiderc.org/wp-content/uploads/2019/08/Image-Not-Available.png	Producer
11	Rob Burnett	The Fundamentals of Caring	Director, Screenwriter, Producer	https://resizing.flixster.com/1ermthdQH1Cz1eZUSYkXxVUjI5I=/100x120/v2/https://flxt.tmsimg.com/assets/346580_v9_ba.jpg	Director, Screenwriter, Producer
14	Jamal Daniel	The Fundamentals of Caring	Executive Producer	https://westsiderc.org/wp-content/uploads/2019/08/Image-Not-Available.png	Executive Producer
15	Renee Witt	The Fundamentals of Caring	Executive Producer	https://images.mubicdn.net/images/cast_member/158074/cache-559025-1592889540/image-w856.jpg?size=800x	Executive Producer
16	Giles Nuttgens	The Fundamentals of Caring	Cinematographer	https://www.themoviedb.org/t/p/w235_and_h235_face/jz40SpwgZtAshuVWq2ThsGpxObs.jpg	Cinematographer
18	Ryan Miller	The Fundamentals of Caring	Original Music	https://upload.wikimedia.org/wikipedia/commons/5/5e/Ryan_miller_2010.jpg	Original Music
17	Christopher Passig	The Fundamentals of Caring	Film Editing	https://m.media-amazon.com/images/M/MV5BY2VhMTU3YzMtODJmMy00MDlhLWE2ODctYjZiNjM5NmRmNDVkXkEyXkFqcGdeQXVyNzQyMjgzNA@@._V1_.jpg	Film Editing
19	Meghan C. Rogers	The Fundamentals of Caring	Production Design	https://images.squarespace-cdn.com/content/v1/5eab1bafda7c275fd55b8f92/1588281136269-WX9S0WPSB9QE43IFQ6GO/MR_still2.jpg?format=500w	Production Design
20	Gershon Ginsburg	The Fundamentals of Caring	Art Director	https://westsiderc.org/wp-content/uploads/2019/08/Image-Not-Available.png	Art Director
22	Peggy Stamper	The Fundamentals of Caring	Costume Design	https://img1.wsimg.com/isteam/ip/34d9366c-17b3-4fdc-9393-6504b2ca2700/7d03f2f0-3ca4-4796-a90f-233d31dd95e5.jpg/:/rs=w:400,cg:true,m	Costume Design
21	Maria Nay	The Fundamentals of Caring	Set Decoration	https://westsiderc.org/wp-content/uploads/2019/08/Image-Not-Available.png	Set Decoration
23	Andrea Craven	The Fundamentals of Caring	Casting	https://media.licdn.com/dms/image/C4E03AQEzVp8UE8ykiw/profile-displayphoto-shrink_800_800/0/1622470511509?e=2147483647&v=beta&t=Gnb28favWCiG1LQd-LLXNl3xQMVs0USrLUPxbxzeSUI	Casting
24	Tara Feldstein	The Fundamentals of Caring	Casting	https://resizing.flixster.com/UG0p27gR3xk_95NZ4fu9sOfImiY=/100x120/v2/https://flxt.tmsimg.com/assets/985822_v9_ba.jpg	Casting
25	Tom Hanks	Forrest Gump	Actor	https://resizing.flixster.com/HeUcXdScabNAup9uSQn4ll9wZEs=/100x120/v2/https://flxt.tmsimg.com/assets/62982_v9_bb.jpg	Forrest Gump
26	Robin Wright	Forrest Gump	Actor	https://resizing.flixster.com/hXertawceMj96qXcNZT5mG2NrJE=/100x120/v2/https://flxt.tmsimg.com/assets/55876_v9_bc.jpg	Jenny Curran
27	Gary Sinise	Forrest Gump	Actor	https://resizing.flixster.com/4RoZ46RaTB2bbTVkGu1H3pZDbmE=/100x120/v2/https://flxt.tmsimg.com/assets/22818_v9_bb.jpg	Lt. Dan Taylor
28	Mykelti Williamson	Forrest Gump	Actor	https://resizing.flixster.com/i6slHgWmcC4MRofeMSF4dZuy9XE=/100x120/v2/https://flxt.tmsimg.com/assets/47337_v9_bc.jpg	Pvt. Benjamin Buford 'Bubba' Blue
29	Sally Field	Forrest Gump	Actor	https://resizing.flixster.com/xLZwugf_NhLLe2xnsSaPMIMa8bk=/100x120/v2/https://flxt.tmsimg.com/assets/57499_v9_ba.jpg	Mrs. Gump
30	Rebecca Williams	Forrest Gump	Actor	https://m.media-amazon.com/images/M/MV5BZGVmNzAzODctNjI4MS00MzI2LThiZDItOGIyZGJlNDZmZDI5XkEyXkFqcGdeQXVyNjUxMjc1OTM@._V1_QL75_UY207_CR131,0,140,207_.jpg	Nurse at park bench
31	Michael Conner Humphreys	Forrest Gump	Actor	https://m.media-amazon.com/images/M/MV5BNDE1NGY4ODAtODMxMS00YjU2LTk3ZWItMDFkNDAzOWJhZDE0XkEyXkFqcGdeQXVyNTgzMzk4NDQ@._V1_FMjpg_UX1000_.jpg	Young Forrest Gump
32	Harold G. Herthum	Forrest Gump	Actor	https://images.kinorium.com/persona/180/287087.jpg?1480254121	Doctor
33	George Kelly	Forrest Gump	Actor	https://westsiderc.org/wp-content/uploads/2019/08/Image-Not-Available.png	Barber
36	Sam Anderson	Forrest Gump	Actor	https://resizing.flixster.com/W5UOC0FO9KKH9GZIC_gqcttU2AY=/100x120/v2/https://flxt.tmsimg.com/assets/79455_v9_bb.jpg	Principal
35	John Randall	Forrest Gump	Actor	https://westsiderc.org/wp-content/uploads/2019/08/Image-Not-Available.png	Crony
37	Margo Moorer	Forrest Gump	Actor	https://m.media-amazon.com/images/M/MV5BMjdiMjgzYmMtNzJkNC00OTU5LTg4OTctYzViMjQ0YWYyYWI1XkEyXkFqcGdeQXVyMjQwMDg0Ng@@._V1_.jpg	Louise, Mrs. Gump's housekeeper
77	Michael Shannon	The Shape of Water	Actor	https://resizing.flixster.com/k23tvyyXyuvzg_qpIsDUGCn_OvA=/100x120/v2/https://flxt.tmsimg.com/assets/225797_v9_bb.jpg	Richard Strickland
38	Ione M. Telech	Forrest Gump	Actor	https://cache.legacy.net/legacy/images/cobrands/islandpacket/photos/photo_014501_C0A80180190d732007ZRt68903EC_1_49ed652ffa008dd99fe7a625970e2294_20151027.jpgx?w=141&h=180&option=3	Elderly Woman
39	Peter Dobson	Forrest Gump	Actor	https://resizing.flixster.com/3liI4OIrdSRdvqOnuUZjXeG_N08=/100x120/v2/https://flxt.tmsimg.com/assets/71720_v9_ba.jpg	Elvis Presley
40	Siobhan Fallon	Forrest Gump	Actor	https://resizing.flixster.com/XLPuSs7CsoReVhCPfFlp4biasIg=/100x120/v2/https://flxt.tmsimg.com/assets/70841_v9_bb.jpg	Dorothy Harris, school bus driver
41	Tyler Long	Forrest Gump	Actor	https://www.themoviedb.org/t/p/w500/bYnBUzr2aR3eTjJBwpfGQFUYaRX.jpg	Red Headed Boy
42	Christopher Jones	Forrest Gump	Actor	https://resizing.flixster.com/nzrulVtl79GzgV7hCgFAzbHaFTg=/100x120/v2/https://flxt.tmsimg.com/assets/658766_v9_ba.jpg	Boy with Cross
43	Grady Bowman	Forrest Gump	Actor	https://www.broadwaydancecenter.com/sites/default/files/styles/bdc_max_width_1000px_/public/faculty-images/bowman_grady4.jpg?itok=1XiAhioz	Fat Boy
44	Jason McGuire	Forrest Gump	Actor	https://m.media-amazon.com/images/M/MV5BZTBkNjZjZjctYjYzYi00ZjBlLThjNDktOTU3N2RjZDNlZDM2L2ltYWdlXkEyXkFqcGdeQXVyMTEzNzczMA@@._V1_QL75_UY207_CR86,0,140,207_.jpg	Fat Teen
45	Robert Zemeckis	Forrest Gump	Director	https://resizing.flixster.com/PqIEs_wYx16RC9gK8fXja9pWV5c=/100x120/v2/https://flxt.tmsimg.com/assets/1983_v9_bc.jpg	Director
46	Winston Groom	Forrest Gump	Writer	https://upload.wikimedia.org/wikipedia/commons/thumb/2/22/Winston_Groom_%28cropped%29.jpg/640px-Winston_Groom_%28cropped%29.jpg	Writer
47	Eric Roth	Forrest Gump	Screenwriter	https://resizing.flixster.com/_CZsHA2-OOjyGwGSyEaGvI99y2Q=/100x120/v2/https://flxt.tmsimg.com/assets/282157_v9_bb.jpg	Screenwriter
48	Wendy Finerman	Forrest Gump	Producer	https://resizing.flixster.com/fSv7z0C4AgbXgEwW6fi6VaIrC2k=/100x120/v2/https://flxt.tmsimg.com/assets/364700_v9_ba.jpg	Producer
49	Steve Starkey	Forrest Gump	Producer	https://resizing.flixster.com/d-8S2bizYw0WcZyeLuL5qR9F2hM=/100x120/v2/https://flxt.tmsimg.com/assets/427326_v9_ba.jpg	Producer
50	Steve Tisch	Forrest Gump	Producer	https://resizing.flixster.com/o97fbSfxjqsUDydpqUsTZAxGZv8=/100x120/v2/https://flxt.tmsimg.com/assets/431966_v9_ba.jpg	Producer
51	Alan Silvestri	Forrest Gump	Original Music	https://resizing.flixster.com/KmKHkGClcN7OUeSmaEYu95tFhb4=/100x120/v2/https://flxt.tmsimg.com/assets/457378_v9_bb.jpg	Original Music
52	Don Burgess	Forrest Gump	Cinematographer	https://m.media-amazon.com/images/M/MV5BNmMxNzFlMDgtZWU5YS00MDkyLTgwMTgtNmE5ZDY1NTBkNTA0XkEyXkFqcGdeQXVyNjUxMjc1OTM@._V1_.jpg	Cinematographer
53	Arthur Schmidt	Forrest Gump	Film Editing	https://resizing.flixster.com/Yqw1lNNskcmjTumeTYbcZkslo8Q=/100x120/v2/https://flxt.tmsimg.com/assets/457375_v9_ba.jpg	Film Editing
54	Ellen Lewis	Forrest Gump	Casting	https://resizing.flixster.com/mUlUX_v3ygHTfHiLnYnKx9nHyGc=/100x120/v2/https://flxt.tmsimg.com/assets/457592_v9_ba.jpg	Casting
55	Rick Carter	Forrest Gump	Production Design	https://resizing.flixster.com/n2NNTVAj9JCPFnpK_tvz7_R4sCE=/100x120/v2/https://flxt.tmsimg.com/assets/348757_v9_bb.jpg	Production Design
56	Leslie McDonald	Forrest Gump	Art Director	https://images.mubicdn.net/images/cast_member/131523/cache-290483-1513237858/image-w856.jpg?size=800x	Art Director
57	William James Teegarden	Forrest Gump	Art Director	https://westsiderc.org/wp-content/uploads/2019/08/Image-Not-Available.png	Art Director
58	Nancy Haigh	Forrest Gump	Set Decoration	https://m.media-amazon.com/images/M/MV5BNDg5YWQzMDctNWQyZC00ZTY4LWI0ZjQtMjU0MGQwMjU1NTIyXkEyXkFqcGdeQXVyMDM2NDM2MQ@@._V1_UY1200_CR586,0,630,1200_AL_.jpg	Set Decoration
59	Joanna Johnston	Forrest Gump	Costume Design	https://resizing.flixster.com/RURsDcmstTRsTp05eFqNm58cvfU=/100x120/v2/https://flxt.tmsimg.com/assets/460132_v9_ba.jpg	Costume Design
60	John Gallagher Jr.	Hush	Actor	https://resizing.flixster.com/kQ2IgVgtCYhWw1bYl6TS4J6mPn8=/100x120/v2/https://flxt.tmsimg.com/assets/205722_v9_bb.jpg	Man
61	Kate Siegel	Hush	Actor	https://resizing.flixster.com/nCloWgsd8BKISO7hwz0wUtd1gT4=/100x120/v2/https://flxt.tmsimg.com/assets/506732_v9_bb.jpg	Maddie
62	Michael Trucco	Hush	Actor	https://resizing.flixster.com/Z4PhC_IdwmYUtA8Br99sKu5uwJc=/100x120/v2/https://flxt.tmsimg.com/assets/199125_v9_bb.jpg	John
63	Samantha Sloyan	Hush	Actor	https://resizing.flixster.com/krji-1im9LmVKuuIixOoMVXpC6A=/100x120/v2/https://flxt.tmsimg.com/assets/595762_v9_bb.jpg	Sarah
64	Emma Graves	Hush	Actor	https://m.media-amazon.com/images/M/MV5BMDA5MjBiN2UtZmQyNS00MWI1LWIxYjItNjcxZTIwNWQ3MjMwXkEyXkFqcGdeQXVyMjg3NjU4MTc@._V1_.jpg	Max
65	Mike Flanagan	Hush	Director, Screenwriter, Film Editing	https://resizing.flixster.com/KHpiI81rEmqKr-VVqalcI0HTaNU=/100x120/v2/https://flxt.tmsimg.com/assets/630544_v9_bf.jpg	Director, Screenwriter, Film Editing
66	Jason Blum	Hush	Producer	https://resizing.flixster.com/QwmcFmoizn_ldsdd_Mye5NsYhUE=/100x120/v2/https://flxt.tmsimg.com/assets/318219_v9_bc.jpg	Producer
67	Trevor Macy	Hush	Producer	https://resizing.flixster.com/LTkr-UQglUxePWQtKK2ThZULySo=/100x120/v2/https://flxt.tmsimg.com/assets/394323_v9_ba.jpg	Producer
68	Jeanette Volturno	Hush	Executive Producer	https://images.squarespace-cdn.com/content/v1/571bdafd2b8ddefbf1626f67/1530570779133-GUVLEUCOZFAOP2KNOZ5X/jeanette+IMG_4938+2+%282%29.jpeg	Executive Producer
69	Michael J. Fourticq Sr.	Hush	Executive Producer	https://images.mubicdn.net/images/cast_member/732852/cache-557240-1592368306/image-w856.jpg	Executive Producer
70	Kate Lumpkin	Hush	Executive Producer	https://images.squarespace-cdn.com/content/v1/564a11fbe4b0be3215aa52a9/1632775088352-3325BNAN5EPO5V8GMO32/Untitled+design+%2847%29.png?format=1000w	Executive Producer
71	Couper Samuelson	Hush	Executive Producer	https://resizing.flixster.com/R9I1iMtiaGoEciCPfWrArUbUdBY=/100x120/v2/https://flxt.tmsimg.com/assets/743136_v9_ba.jpg	Executive Producer
72	The Newton Brothers	Hush	Original Music	https://resizing.flixster.com/OFJN0IsV-GsthIs0PnxDpbd4T9c=/100x120/v2/https://flxt.tmsimg.com/assets/540365_v9_bb.jpg	Original Music
73	James Kniest	Hush	Cinematographer	https://www.btlnews.com/wp-content/uploads/2020/10/JamesKniest-229x300.jpg	Cinematographer
74	Elizabeth Boller	Hush	Production Design	https://westsiderc.org/wp-content/uploads/2019/08/Image-Not-Available.png	Production Design
75	Jaan Childs	Hush	Set Decoration	https://westsiderc.org/wp-content/uploads/2019/08/Image-Not-Available.png	Set Decoration
76	Sally Hawkins	The Shape of Water	Actor	https://resizing.flixster.com/eYKqo6mbUCFzkWwfDQ-Q_kFqXck=/100x120/v2/https://flxt.tmsimg.com/assets/274613_v9_bc.jpg	Elisa Esposito
78	Richard Jenkins	The Shape of Water	Actor	https://resizing.flixster.com/VUbXnf21AwsXEDWJlowWL51ZN5o=/100x120/v2/https://flxt.tmsimg.com/assets/76717_v9_bb.jpg	Giles
79	Octavia Spencer	The Shape of Water	Actor	https://resizing.flixster.com/vPGaqFeQegT1m5hmYzY-XKG6vdk=/100x120/v2/https://flxt.tmsimg.com/assets/221666_v9_bc.jpg	Zelda Fuller
80	Michael Stuhlbarg	The Shape of Water	Actor	https://resizing.flixster.com/0fl4QYjnTMXkSQ9QFlhM2H3GERU=/100x120/v2/https://flxt.tmsimg.com/assets/428835_v9_bc.jpg	Dr. Robert Hoffstetler
81	Doug Jones	The Shape of Water	Actor	https://resizing.flixster.com/AWDy4crdV-dhX7OlA6VXFCql9c8=/100x120/v2/https://flxt.tmsimg.com/assets/201034_v9_bc.jpg	Amphibian Man
82	David Hewlett	The Shape of Water	Actor	https://resizing.flixster.com/Kr8l2D6VcPJFbu7CfqgcZORbDjg=/100x120/v2/https://flxt.tmsimg.com/assets/83720_v9_bb.jpg	Fleming
83	Nick Searcy	The Shape of Water	Actor	https://resizing.flixster.com/vgq-z_S4MZpvPzZkz_vYcNo48MY=/100x120/v2/https://flxt.tmsimg.com/assets/48236_v9_ba.jpg	General Hoyt
84	Stewart Arnott	The Shape of Water	Actor	https://m.media-amazon.com/images/M/MV5BZGNkZDhlZGQtODMyZi00YjM1LWE2ODQtMTQ3YWY4OWY4NjlhXkEyXkFqcGdeQXVyNDU0NzUzOQ@@._V1_.jpg	Bernard
85	Nigel Bennett	The Shape of Water	Actor	https://resizing.flixster.com/6DIVWZoWiBzLFnii-XNeJgchKN0=/100x120/v2/https://flxt.tmsimg.com/assets/76125_v9_aa.jpg	Mihalkov
86	Lauren Lee Smith	The Shape of Water	Actor	https://resizing.flixster.com/WgnkrtmGD33HJ9Ezhb7d9nNMaiI=/100x120/v2/https://flxt.tmsimg.com/assets/170339_v9_bb.jpg	Elaine Strickland
87	Martin Roach	The Shape of Water	Actor	https://resizing.flixster.com/hajtXJbidZ7nN2MLkQim4P4yknM=/100x120/v2/https://resizing.flixster.com/lP6RU3Y_WT342iiVcO2uQ4q4zWI=/ems.ZW1zLXByZC1hc3NldHMvY2VsZWJyaXRpZXMvYjViMWZmNGUtOWQzNS00MDdiLTk5MmItM2E4MjY1OTJkZjYyLmpwZw==	Brewster Fuller
88	Allegra Fulton	The Shape of Water	Actor	https://resizing.flixster.com/jOzLDhPbqIdFEd8DK7_lXnbU6x8=/100x120/v2/https://flxt.tmsimg.com/assets/249040_v9_ba.jpg	Yolanda
89	John Kapelos	The Shape of Water	Actor	https://resizing.flixster.com/ElCaa-EV-xhgFlQsDHuocNjlFlg=/100x120/v2/https://flxt.tmsimg.com/assets/33040_v9_bc.jpg	Mr. Arzoumanian
90	Morgan Kelly	The Shape of Water	Actor	https://resizing.flixster.com/D8G4NVrmuJEB_c1J6EsMmWdLnA0=/100x120/v2/https://flxt.tmsimg.com/assets/174869_v9_ba.jpg	Pie Guy
91	Guillermo del Toro	The Shape of Water	Director, Screenwriter, Producer	https://resizing.flixster.com/shHSjrGI-M_AeZnLZwDRWS5XH9s=/100x120/v2/https://flxt.tmsimg.com/assets/25025_v9_bb.jpg	Director, Screenwriter, Producer
92	Vanessa Taylor	The Shape of Water	Screenwriter	https://resizing.flixster.com/suvlJ2FKEXL7uuuE1HxS26lv-hk=/100x120/v2/https://flxt.tmsimg.com/assets/149952_v9_ba.jpg	Screenwriter
93	J. Miles Dale	The Shape of Water	Producer	https://resizing.flixster.com/xqm4-BCqsHrOLqQi2uyUBLaNtyA=/100x120/v2/https://flxt.tmsimg.com/assets/296035_v9_ba.jpg	Producer
94	Liz Sayre	The Shape of Water	Executive Producer	https://media.licdn.com/dms/image/C4E03AQG00z_zplVIhQ/profile-displayphoto-shrink_800_800/0/1611859976495?e=2147483647&v=beta&t=vA4bxlr_1YDl_vfbxhFyuPNo-4B4cFD7bs3BRwR8Mx8	Executive Producer
95	Dan Lausten	The Shape of Water	Cinematographer	https://resizing.flixster.com/b12q4BsLFymWSQS_6S5YQgvJpKU=/100x120/v2/https://flxt.tmsimg.com/assets/458882_v9_bb.jpg	Cinematographer
96	Sidney Wolinksy	The Shape of Water	Film Editing	https://resizing.flixster.com/e2LaCgPylAr4Ag_xW2P2GoSlc3U=/100x120/v2/https://flxt.tmsimg.com/assets/476131_v9_ba.jpg	Film Editing
97	Alexandre Desplat	The Shape of Water	Original Music	https://resizing.flixster.com/amgxD0wz8IuVZIXqF2GLsURHOls=/100x120/v2/https://flxt.tmsimg.com/assets/478586_v9_bc.jpg	Original Music
98	Paule Denham Austerberry	The Shape of Water	Production Design	https://resizing.flixster.com/Xf4RlEedXODfoX6zUdGWpYi0Kuo=/100x120/v2/https://flxt.tmsimg.com/assets/459772_v9_ba.jpg	Production Design
99	Nigel Churcher	The Shape of Water	Art Director	https://images.mubicdn.net/images/cast_member/446299/cache-630648-1610241535/image-w856.jpg?size=800x	Art Director
100	Shane Vieau	The Shape of Water	Set Decoration	https://resizing.flixster.com/q2XLS-Yir3PzkVeDY51gBBEhHII=/100x120/v2/https://flxt.tmsimg.com/assets/498136_v9_ba.jpg	Set Decoration
101	Jeffrey A. Melvin	The Shape of Water	Set Decoration	https://resizing.flixster.com/3gHsKSkyZH6A23rLqSOme3PK8to=/100x120/v2/https://flxt.tmsimg.com/assets/760046_v9_ba.jpg	Set Decoration
102	Luis Sequeira	The Shape of Water	Costume Design	https://resizing.flixster.com/PVcT8NA7JVCtUA6QiwOlxH7loZE=/100x120/v2/https://flxt.tmsimg.com/assets/457355_v9_ba.jpg	Costume Design
103	Robin D. Cook	The Shape of Water	Casting	https://westsiderc.org/wp-content/uploads/2019/08/Image-Not-Available.png	Casting
104	Joaquin Phoenix	Don't Worry, He Won't Get Far on Foot	Actor	https://resizing.flixster.com/DAWMCyQ0au6qgwqyBpVbJ2M5Uew=/100x120/v2/https://flxt.tmsimg.com/assets/69768_v9_bc.jpg	John Callahan
105	Jonah Hill	Don't Worry, He Won't Get Far on Foot	Actor	https://resizing.flixster.com/PAa5Bc0wR1py2_wp--eT2FuQgKc=/100x120/v2/https://resizing.flixster.com/yi4YZrPc85XC_HrOcoJDaaa5vzE=/ems.cHJkLWVtcy1hc3NldHMvY2VsZWJyaXRpZXMvZmU5NjQwM2YtNTEwZC00YWNlLWFhYTUtMTRhNjc4NTBiOTkxLmpwZw==	Donnie
106	Rooney Mara	Don't Worry, He Won't Get Far on Foot	Actor	https://resizing.flixster.com/HfJ3GFhF7ef2RIiWajU_ioqo0mo=/100x120/v2/https://flxt.tmsimg.com/assets/532661_v9_ba.jpg	Annu
107	Jack Black	Don't Worry, He Won't Get Far on Foot	Actor	https://resizing.flixster.com/hLw0HEyF6PBw3fWv1PVkvVO3jPw=/100x120/v2/https://flxt.tmsimg.com/assets/71804_v9_bb.jpg	Dexter
108	Carrie Brownstein	Don't Worry, He Won't Get Far on Foot	Actor	https://resizing.flixster.com/bPxb7OwbCFnzCqL2tBTmwM75n4o=/100x120/v2/https://flxt.tmsimg.com/assets/329150_v9_bb.jpg	Suzanne
109	Beth Ditto	Don't Worry, He Won't Get Far on Foot	Actor	https://resizing.flixster.com/s0Il1hCguRwH6b56eoUikkUYZuo=/100x120/v2/https://flxt.tmsimg.com/assets/665275_v9_bc.jpg	Reba
111	Udo Kier	Don't Worry, He Won't Get Far on Foot	Actor	https://resizing.flixster.com/PSwfj045tayyGup7HkHxdufB-4c=/100x120/v2/https://flxt.tmsimg.com/assets/63928_v9_bb.jpg	Hans
112	Emilio Rivera	Don't Worry, He Won't Get Far on Foot	Actor	https://resizing.flixster.com/MS_xBxyVivRSA2IB-aribf9CqL4=/100x120/v2/https://flxt.tmsimg.com/assets/228688_v9_bb.jpg	Jesus Alvarado
113	Tony Greenhand	Don't Worry, He Won't Get Far on Foot	Actor	https://m.media-amazon.com/images/M/MV5BMjE1NjE0NTg2NV5BMl5BanBnXkFtZTgwNDcyMDE5NTM@._V1_.jpg	Tim
110	Kim Gordon	Don't Worry, He Won't Get Far on Foot	Actor	https://resizing.flixster.com/0SiRtMvfpYZf_JMckFt35mNx0vg=/100x120/v2/https://flxt.tmsimg.com/assets/1070279_v9_ba.jpg	Corky
114	Mark Webber	Don't Worry, He Won't Get Far on Foot	Actor	https://resizing.flixster.com/6SDEkIZmEmJL09citkPwaMFpjZg=/100x120/v2/https://flxt.tmsimg.com/assets/170581_v9_bb.jpg	Mike
115	Ronnie Adrian	Don't Worry, He Won't Get Far on Foot	Actor	https://resizing.flixster.com/v-K7H-KzwDzQE9PdWUPVM1Lhco8=/100x120/v2/https://flxt.tmsimg.com/assets/810619_v9_aa.jpg	Martingale
116	Angelique Rivera	Don't Worry, He Won't Get Far on Foot	Actor	https://resizing.flixster.com/3--03kZ-alHiNDDxVxxhS4N_yDo=/100x120/v2/https://flxt.tmsimg.com/assets/919552_v9_ba.jpg	Terry Alvarado
117	Rebecca Rittenhouse	Don't Worry, He Won't Get Far on Foot	Actor	https://resizing.flixster.com/4nBYwx_EJOvjzdaYDGmNkNgHD50=/100x120/v2/https://flxt.tmsimg.com/assets/785165_v9_bc.jpg	Bonnie
118	Jessica Jade Andres	Don't Worry, He Won't Get Far on Foot	Actor	https://resizing.flixster.com/WnaFPnTfI7mQbONNG8qtiW2IpSM=/100x120/v2/https://flxt.tmsimg.com/assets/917008_v9_aa.jpg	Cindy
119	Rebecca Field	Don't Worry, He Won't Get Far on Foot	Actor	https://resizing.flixster.com/xNC-k0gpBbo4ECM3urQ9r7K3dN8=/100x120/v2/https://flxt.tmsimg.com/assets/502688_v9_bb.jpg	Margie Bighew
120	Olivia Hamilton	Don't Worry, He Won't Get Far on Foot	Actor	https://resizing.flixster.com/7AraakHVL4XG67xj1E-KclMx8ac=/100x120/v2/https://flxt.tmsimg.com/assets/1184221_v9_ba.jpg	Nurse Lilly
121	Santina Muha	Don't Worry, He Won't Get Far on Foot	Actor	https://resizing.flixster.com/B5fPztlVS8YtsBab_t4x2ZjNC8k=/100x120/v2/https://flxt.tmsimg.com/assets/1031583_v9_ba.jpg	Debbie
122	Christopher Thornton	Don't Worry, He Won't Get Far on Foot	Actor	https://resizing.flixster.com/AEuGwBzy-eN-OOaT9CMZr8XooAk=/100x120/v2/https://flxt.tmsimg.com/assets/231927_v9_ba.jpg	Charles-Marie
123	Edgar Momplaisir	Don't Worry, He Won't Get Far on Foot	Actor	https://m.media-amazon.com/images/M/MV5BOTEyYTU0YjktZmM0Ny00OTM5LTgxMmMtZDVhZTBlYWVkOGFhXkEyXkFqcGdeQXVyMjY1NzM3MTE@._V1_.jpg	Roger Fairies
124	Gus Van Sant	Don't Worry, He Won't Get Far on Foot	Director, Screenwriter, Film Editing	https://resizing.flixster.com/JfekSq7A1cGIkMvSQt8tvubJEPw=/100x120/v2/https://flxt.tmsimg.com/assets/25142_v9_bb.jpg	Director, Screenwriter, Film Editing
125	Charles-Marie Anthonioz	Don't Worry, He Won't Get Far on Foot	Producer	https://medias.unifrance.org/medias/8/194/49672/format_page/charles-marie-anthonioz.jpg	Producer
126	Mourad Belkeddar	Don't Worry, He Won't Get Far on Foot	Producer	https://westsiderc.org/wp-content/uploads/2019/08/Image-Not-Available.png	Producer
127	Steve Golin	Don't Worry, He Won't Get Far on Foot	Producer	https://resizing.flixster.com/--0EuJOtwhw8Snox4NOYg5BvXLs=/100x120/v2/https://flxt.tmsimg.com/assets/295950_v9_bb.jpg	Producer
128	Nicolas Lhermitte	Don't Worry, He Won't Get Far on Foot	Producer	https://resizing.flixster.com/--0EuJOtwhw8Snox4NOYg5BvXLs=/100x120/v2/https://flxt.tmsimg.com/assets/295950_v9_bb.jpg	Producer
129	Christopher Blauvelt	Don't Worry, He Won't Get Far on Foot	Cinematographer	https://resizing.flixster.com/haQlWxQoLA4dzP5XsNOwKewXjAE=/100x120/v2/https://flxt.tmsimg.com/assets/717463_v9_ab.jpg	Cinematographer
130	David Marks	Don't Worry, He Won't Get Far on Foot	Film Editing	https://media.licdn.com/dms/image/C5603AQHLnYCoD27cBA/profile-displayphoto-shrink_800_800/0/1590033204829?e=2147483647&v=beta&t=NSt3Ovm74U6fPC9lwzMqraK1BD5vqkeRwe9p1-KfxIM	Film Editing
131	Danny Elfman	Don't Worry, He Won't Get Far on Foot	Original Music	https://resizing.flixster.com/aqoRIsCIYWRIdaK-PZ4FEK193m4=/100x120/v2/https://flxt.tmsimg.com/assets/79342_v9_bc.jpg	Original Music
132	Jahmin Assa	Don't Worry, He Won't Get Far on Foot	Production Design	https://m.media-amazon.com/images/M/MV5BYzUyMTFkNTgtZDNhZC00NDg5LTg4ZjItM2Y3MWYyMDg5N2E1XkEyXkFqcGdeQXVyODg5MDY0MDI@._V1_FMjpg_UX1000_.jpg	Production Design
133	Danny Glicker	Don't Worry, He Won't Get Far on Foot	Costume Design	https://resizing.flixster.com/nYqy3IgP5sURQVqQM7Zest4uakg=/100x120/v2/https://flxt.tmsimg.com/assets/487132_v9_ba.jpg	Costume Design
134	Francine Maisler	Don't Worry, He Won't Get Far on Foot	Casting	https://resizing.flixster.com/fAvNMV67ECCAD5NozL2qvfFW-GM=/100x120/v2/https://flxt.tmsimg.com/assets/458410_v9_ba.jpg	Casting
135	Kathy Driscoll	Don't Worry, He Won't Get Far on Foot	Casting	https://pbs.twimg.com/profile_images/925092109480116224/_YSm7iV5_400x400.jpg	Casting
\.


--
-- Data for Name: disabilityscene_movie; Type: TABLE DATA; Schema: public; Owner: disabilitysceneuser
--

COPY public.disabilityscene_movie (id, title, media_type, year, genre, duration, disabilities, themes, img, description) FROM stdin;
1	The Fundamentals of Caring	Movie	2016	Comedy, Drama	97	Duchenne Muscular Dystrophy, Muscular Dystrophy	Personal care assistance, Caregiving, Dating, Parent Relationships, Travel, Mortality, Romance	https://upload.wikimedia.org/wikipedia/en/3/3b/The_Fundamentals_of_Caring_poster.jpg	A writer (Paul Rudd) retires after a personal tragedy and becomes a disabled teen's caregiver. When the two embark on an impromptu road trip, their ability to cope is tested as they start to understand the importance of hope and friendship.
3	Hush	Movie	2016	Horror, Thriller	82	Deaf, Mute, Deaf-Mute, Non-verbal	Disability and Gender, Disability Horror	https://www.themoviedb.org/t/p/w600_and_h900_bestv2/zHzBTd502IZf60x8n2g0TB01vPF.jpg	A deaf woman is stalked by a killer in her home.
2	Forrest Gump	Movie	1994	Drama, Romance, Comedy	142	Scoliosis, Amputee,	Intelligence, Disabled Veteran, Friendship, Romance, War, Race and Disability, History	https://www.themoviedb.org/t/p/w600_and_h900_bestv2/arw2vcBveWOVZr6pxd9XTd1TdQa.jpg	Slow-witted Forrest Gump (Tom Hanks) has never thought of himself as disadvantaged, and thanks to his supportive mother (Sally Field), he leads anything but a restricted life. Whether dominating on the gridiron as a college football star, fighting in Vietnam or captaining a shrimp boat, Forrest inspires people with his childlike optimism. But one person Forrest cares about most may be the most difficult to save -- his childhood love, the sweet but troubled Jenny (Robin Wright).
4	The Shape of Water	Movie	2017	Drama, Fantasy, Romance	123	Non-verbal, Mute	Romance, Discrimination, Friendship, Ableism	https://www.themoviedb.org/t/p/w600_and_h900_bestv2/9zfwPffUXpBrEP26yp0q1ckXDcj.jpg	Elisa is a mute, isolated woman who works as a cleaning lady in a hidden, high-security government laboratory in 1962 Baltimore. Her life changes forever when she discovers the lab's classified secret -- a mysterious, scaled creature from South America that lives in a water tank. As Elisa develops a unique bond with her new friend, she soon learns that its fate and very survival lies in the hands of a hostile government agent and a marine biologist.
5	Don't Worry, He Won't Get Far on Foot	Movie	2018	Biography, Comedy, Drama	114	Quadriplegic, Wheelchair-user	Car Accident, Addiction, Disabled Later in Life, Disability and Sex	https://www.themoviedb.org/t/p/w300_and_h450_bestv2/rKsiN37qMt8jad5GikZzSeevyI9.jpg	After nearly dying in a car accident, the last thing Oregon slacker John Callahan intends to do is give up alcohol. Encouraged by his girlfriend and a charismatic sponsor, Callahan reluctantly enters a treatment program and discovers that he has a knack for drawing. The budding artist soon finds himself with a new lease on life when his edgy and irreverent newspaper cartoons gain a national and devoted following.
\.


--
-- Data for Name: disabilityscene_movie_cast_members; Type: TABLE DATA; Schema: public; Owner: disabilitysceneuser
--

COPY public.disabilityscene_movie_cast_members (id, movie_id, cast_id) FROM stdin;
1	1	1
2	1	2
3	1	3
4	1	4
5	1	5
6	1	6
7	1	7
8	1	8
9	1	9
10	1	10
11	1	11
12	1	13
13	1	14
14	1	15
15	1	16
16	1	17
17	1	18
18	1	19
19	1	20
20	1	21
21	1	22
22	1	23
23	1	24
24	1	12
25	2	25
26	2	26
27	2	27
28	2	28
29	2	29
30	2	30
31	2	31
32	2	32
33	2	33
34	2	35
35	2	36
36	2	37
37	2	38
38	2	39
39	2	40
40	2	41
41	2	42
42	2	43
43	2	44
44	2	45
45	2	46
46	2	47
47	2	48
48	2	49
49	2	50
50	2	51
51	2	52
52	2	53
53	2	54
54	2	55
55	2	56
56	2	57
57	2	58
58	2	59
75	2	77
76	3	64
77	3	65
78	3	66
79	3	67
80	3	68
81	3	69
82	3	70
83	3	71
84	3	72
85	3	73
86	3	74
87	3	75
88	3	60
89	3	61
90	3	62
91	3	63
92	2	34
93	4	76
94	4	78
95	4	79
96	4	80
97	4	81
98	4	82
99	4	83
100	4	84
101	4	85
102	4	86
103	4	87
104	4	88
105	4	89
106	4	90
107	4	91
108	4	92
109	4	93
110	4	94
111	4	95
112	4	96
113	4	97
114	4	98
115	4	99
116	4	100
117	4	101
118	4	102
119	4	103
120	5	128
121	5	129
122	5	130
123	5	131
124	5	132
125	5	133
126	5	134
127	5	135
128	5	104
129	5	105
130	5	106
131	5	107
132	5	108
133	5	109
134	5	110
135	5	111
136	5	112
137	5	113
138	5	114
139	5	115
140	5	116
141	5	117
142	5	118
143	5	119
144	5	120
145	5	121
146	5	122
147	5	123
148	5	124
149	5	125
150	5	126
151	5	127
\.


--
-- Data for Name: disabilityscene_review; Type: TABLE DATA; Schema: public; Owner: disabilitysceneuser
--

COPY public.disabilityscene_review (id, title, reviewer_name, review_text, date, casting_score, character_score, originality_score, accuracy_score, movie_id) FROM stdin;
1	"Surprisingly Pleasant and Overly Warming"	Christopher Stone	I never review movies, but this is an exception. I haven't been so pleasantly surprised by a movie in such a long time and I really have to commend the cast for doing such a great job. The movie was heartfelt from start to finish. Would definitely recommend to other disabled folks!	27 June 2016	5	1.5	4	2.5	1
2	Easy to Care About	Lisa Lockson	Novels about teenagers disabled or dying have become hugely popular lately. Looking at books like 'The Fault in Our Stars,' 'The Beginning of Everything', and 'Wonder', it's clear that the way to engage with a modern audience is to tell a sad story about disability.	29 June 2016	4.5	-3	3.5	2	1
3	Not Good Disability Representation	Ken Hanke	Gets my vote for the most offensive, morally repugnant film ever made.	2 October 2002	0	1	1	1	2
4	Life's Not a Box of Chocolates	Howland Crowe	All the left-wing activism in the film becomes crude caricature, Black people made into aesthetically interesting scenery, and the disabilities and disorders of our heroes merely obstacles to overcome. Forrest is able to walk without braces by “magic.” Lieutenant Dan is able to walk again with prosthetics. And Forrest’s son with Jenny, who dies of a virus implied to be AIDS, shows no signs of having any mental disorders that would mark him as different from other children. Forrest Gump’s mental disorder is less a commentary on ableism and more a vehicle for his impenetrable innocence to exorcise America of its sins. That’s why Forrest isn’t relatable to me, because he’s not representative of people with disabilities and disorders and he was never meant to be. He’s a representative of American “innocence."	2 December 2020	1	1	1	0	2
5	What could have been tedious, one house with one mute girl inside, was the exact opposite with a few twists and turns worth a watch or two.	Emilie Black	A deaf writer lives and works in her secluded home in the woods where she gets few visitors.  Then one night, a masked man shows up and stalks her in an unnerving game of cat and mouse. Director Mike Flannagan and lead actress Kate Siegel co-wrote Hush which all takes place in and around the lead’s, Maddie’s, home.  The limited settings work here as Maddie is trying to escape this mad man without help or access to the outside world.  This is a movie with a total of five characters, two of which support the bulk of the story.  The characters here feel real, not caricatures of real people or stereotypes.	7 April 2016	4	4.5	2	3.5	3
6	Nothing makes me happier than a bit of originality in a film style normally filled with clichés.	Jeremy Lowe	Kate Siegel plays Maddie, the deaf/mute protagonist of HUSH brilliantly. She is a strong independent woman and she is also a writer. Having Maddie be a writer living in an isolated area seems like something out of a Stephen King novel. I’m a huge fan of Stephen King, so this is high praise from me. The movie has barely started and I’m already in love with it! I also love Maddie’s neighbor Sarah (Samantha Sloyan). She’s so cute and friendly, and I love that she is teaching herself sign language to better communicate with Maddie. Their bond seems genuine, unforced.	9 May 2016	4	4.5	5	4	3
7	The Shape of Water probably had inclusive goals in mind, but execution is everything.	Stan Clark	Before I dig into the injustice done to the deaf community and, at broader, the disabled community, I do want to give del Toro some credit for committing to a lead character who would carry the film’s story through nonverbal communication. This premise looks great on paper and a fantastic performance by a deaf actress could have transformed the tenor of this category altogether. Unfortunately, not only does del Toro hire a hearing actress who has played disabled characters in the past, the decision to employ American Sign Language (ASL) as Elisa’s main form of communication rings false to those who understand it.	1 August 2020	0.5	2	3.5	2.5	4
8	At its core, The Shape of Water is a film about being seen as a person without any asterisks.	Ian Thomas Malone	Guillermo del Toro has always been an expert at crafting the world he wants his audience to exist in for the duration of his films. He ups the ante with The Shape of Water, a film that not only wows the viewer, but forces one to think about the way we view each other in a nation where diversity is often weaponized as a political tool. Elisa is mute, Giles is gay, Zelda is a person of color, and the “Asset” is a magical fish creature. These are details about these people, not singular traits that define their entire existence. We live in a world that often forgets to see people as people, or simply chooses not to. The film triumphs most when it flips this scenario, presenting characters who live and love without considering all the factors that set them apart.	31 October 2018	3.5	4	4	2	4
9	A Mediocre Work of Astounding Ableism	Kristen Lopez	There comes a point during director Gus Van Sant’s Don’t Worry, He Won’t Get Far on Foot where main character John Callahan (Joaquin Phoenix) attends an AA meeting and brings up his disability. It’s a fact of his life that he’s paralyzed and in a wheelchair, and he happens to be an alcoholic as well. Instead of hearing his story, meeting organizer Donnie (Jonah Hill) stops Callahan, telling him no one wants to hear that. Hill’s Donnie seems to be speaking for Van Sant himself, a man who hopes that this tale of a disabled man will compel you to watch while simultaneously being irritated that his lead character is disabled at all. As a writer with a disability, these movies already skate on thin ice, but Don’t Worry makes a case that Hollywood itself needs to tell a new disabled narrative, one that understands why disability is so important to begin with.	17 July 2018	1	2	2.5	-1	5
10	The film finds its characters to only be the sum of their tragedies rather than human beings.	Chris Feil	To limping effect, the film is more concerned with painting its protagonist in the tragically heroic light of survival in the face of his disability than examining the layers and struggle of his alcoholism. The unfortunate result is a film that falls on the side of offensive ableism rather than the loving portraiture of its intentions. Its pathos can’t get past fetishizing the mechanics of John’s paralysis, leaving us to wonder if the film has any interest deeper than the saccharine or comforting.	24 July 2018	3	2	1	3	5
\.


--
-- Data for Name: django_admin_log; Type: TABLE DATA; Schema: public; Owner: disabilitysceneuser
--

COPY public.django_admin_log (id, action_time, object_id, object_repr, action_flag, change_message, content_type_id, user_id) FROM stdin;
1	2023-07-21 17:20:55.068325-04	1	Paul Rudd	1	[{"added": {}}]	7	1
2	2023-07-21 17:21:24.81443-04	2	Selena Gomez	1	[{"added": {}}]	7	1
3	2023-07-21 17:22:49.85173-04	3	Jennifer Ehle	1	[{"added": {}}]	7	1
4	2023-07-21 17:23:20.83981-04	4	Craig Roberts	1	[{"added": {}}]	7	1
5	2023-07-21 17:23:51.057947-04	5	Megan Ferguson	1	[{"added": {}}]	7	1
6	2023-07-21 17:24:18.786637-04	6	Julia Denton	1	[{"added": {}}]	7	1
7	2023-07-21 17:24:47.895368-04	7	Alex Huff	1	[{"added": {}}]	7	1
8	2023-07-21 17:25:16.619536-04	8	Samantha Huskey	1	[{"added": {}}]	7	1
9	2023-07-21 17:25:46.160154-04	9	Bill Murphey	1	[{"added": {}}]	7	1
10	2023-07-21 17:26:10.281521-04	10	Donna Biscoe	1	[{"added": {}}]	7	1
11	2023-07-21 17:26:42.388596-04	11	Rob Burnett	1	[{"added": {}}]	7	1
12	2023-07-21 17:27:18.440206-04	12	Donna Gigliotti	1	[{"added": {}}]	7	1
13	2023-07-21 17:27:39.16661-04	11	Rob Burnett	2	[{"changed": {"fields": ["Title"]}}]	7	1
14	2023-07-21 17:28:18.291268-04	13	James Spies	1	[{"added": {}}]	7	1
15	2023-07-21 17:28:52.878417-04	14	Jamal Daniel	1	[{"added": {}}]	7	1
16	2023-07-21 17:29:22.465357-04	15	Renee Witt	1	[{"added": {}}]	7	1
17	2023-07-21 17:29:58.374841-04	16	Giles Nuttgens	1	[{"added": {}}]	7	1
18	2023-07-21 17:30:32.877948-04	17	Christopher Passig	1	[{"added": {}}]	7	1
19	2023-07-21 17:31:09.343807-04	18	Ryan Miller	1	[{"added": {}}]	7	1
20	2023-07-21 17:31:42.308289-04	19	Meghan C. Rogers	1	[{"added": {}}]	7	1
21	2023-07-21 17:32:03.439543-04	20	Gershon Ginsburg	1	[{"added": {}}]	7	1
22	2023-07-21 17:32:20.746637-04	21	Maria Nay	1	[{"added": {}}]	7	1
23	2023-07-21 17:32:48.395732-04	22	Peggy Stamper	1	[{"added": {}}]	7	1
24	2023-07-21 17:33:22.716327-04	23	Andrea Craven	1	[{"added": {}}]	7	1
25	2023-07-21 17:33:57.450143-04	24	Tara Feldstein	1	[{"added": {}}]	7	1
26	2023-07-21 17:34:24.54107-04	25	Tom Hanks	1	[{"added": {}}]	7	1
27	2023-07-21 17:34:47.374103-04	26	Robin Wright	1	[{"added": {}}]	7	1
28	2023-07-21 17:35:18.30849-04	27	Gary Sinise	1	[{"added": {}}]	7	1
29	2023-07-21 17:36:09.689235-04	28	Mykelti Williamson	1	[{"added": {}}]	7	1
30	2023-07-21 17:36:42.863876-04	29	Sally Field	1	[{"added": {}}]	7	1
31	2023-07-21 17:37:46.27856-04	30	Rebecca Williams	1	[{"added": {}}]	7	1
32	2023-07-21 17:38:12.861267-04	31	Michael Conner Humphreys	1	[{"added": {}}]	7	1
33	2023-07-21 17:38:50.921047-04	32	Harold G. Herthum	1	[{"added": {}}]	7	1
34	2023-07-21 17:39:21.865134-04	33	George Kelly	1	[{"added": {}}]	7	1
35	2023-07-21 17:40:05.240709-04	34	Bob Penny	1	[{"added": {}}]	7	1
36	2023-07-21 17:40:09.574557-04	33	George Kelly	2	[]	7	1
37	2023-07-21 17:40:29.766933-04	35	John Randall	1	[{"added": {}}]	7	1
38	2023-07-21 17:41:51.52288-04	36	Sam Anderson	1	[{"added": {}}]	7	1
39	2023-07-21 17:46:05.519645-04	1	Paul Rudd	2	[{"changed": {"fields": ["Character name"]}}]	7	1
40	2023-07-21 17:46:17.81728-04	2	Selena Gomez	2	[{"changed": {"fields": ["Character name"]}}]	7	1
41	2023-07-21 17:46:32.870233-04	3	Jennifer Ehle	2	[{"changed": {"fields": ["Character name"]}}]	7	1
42	2023-07-21 17:47:34.021406-04	4	Craig Roberts	2	[{"changed": {"fields": ["Character name"]}}]	7	1
43	2023-07-21 17:48:04.229058-04	5	Megan Ferguson	2	[{"changed": {"fields": ["Character name"]}}]	7	1
44	2023-07-21 17:48:20.287055-04	6	Julia Denton	2	[{"changed": {"fields": ["Character name"]}}]	7	1
45	2023-07-21 17:48:30.393422-04	7	Alex Huff	2	[{"changed": {"fields": ["Character name"]}}]	7	1
46	2023-07-21 17:48:44.723889-04	8	Samantha Huskey	2	[{"changed": {"fields": ["Character name"]}}]	7	1
47	2023-07-21 17:49:06.08247-04	9	Bill Murphey	2	[{"changed": {"fields": ["Character name"]}}]	7	1
48	2023-07-21 17:49:21.066599-04	10	Donna Biscoe	2	[{"changed": {"fields": ["Character name"]}}]	7	1
49	2023-07-21 17:51:00.229517-04	13	James Spies	2	[{"changed": {"fields": ["Character name"]}}]	7	1
50	2023-07-21 17:51:19.632824-04	11	Rob Burnett	2	[{"changed": {"fields": ["Character name"]}}]	7	1
51	2023-07-21 17:51:42.656825-04	12	Donna Gigliotti	2	[{"changed": {"fields": ["Character name"]}}]	7	1
52	2023-07-21 17:51:53.732157-04	14	Jamal Daniel	2	[{"changed": {"fields": ["Character name"]}}]	7	1
53	2023-07-21 17:52:04.232954-04	15	Renee Witt	2	[{"changed": {"fields": ["Character name"]}}]	7	1
54	2023-07-21 17:52:15.51509-04	16	Giles Nuttgens	2	[{"changed": {"fields": ["Character name"]}}]	7	1
55	2023-07-21 17:52:26.881316-04	17	Christopher Passig	2	[{"changed": {"fields": ["Character name"]}}]	7	1
56	2023-07-21 17:52:35.801435-04	17	Christopher Passig	2	[]	7	1
57	2023-07-21 17:52:48.063508-04	18	Ryan Miller	2	[{"changed": {"fields": ["Character name"]}}]	7	1
58	2023-07-21 17:53:01.197175-04	19	Meghan C. Rogers	2	[{"changed": {"fields": ["Character name"]}}]	7	1
59	2023-07-21 17:53:17.215092-04	20	Gershon Ginsburg	2	[{"changed": {"fields": ["Character name"]}}]	7	1
60	2023-07-21 17:53:27.746859-04	21	Maria Nay	2	[{"changed": {"fields": ["Character name"]}}]	7	1
61	2023-07-21 17:53:35.148272-04	21	Maria Nay	2	[]	7	1
62	2023-07-21 17:53:44.749387-04	22	Peggy Stamper	2	[{"changed": {"fields": ["Character name"]}}]	7	1
63	2023-07-21 17:53:55.664888-04	23	Andrea Craven	2	[{"changed": {"fields": ["Character name"]}}]	7	1
64	2023-07-21 17:54:03.605423-04	24	Tara Feldstein	2	[{"changed": {"fields": ["Character name"]}}]	7	1
65	2023-07-21 17:54:15.825879-04	25	Tom Hanks	2	[{"changed": {"fields": ["Character name"]}}]	7	1
66	2023-07-21 17:54:30.313474-04	26	Robin Wright	2	[{"changed": {"fields": ["Character name"]}}]	7	1
67	2023-07-21 17:54:52.838195-04	27	Gary Sinise	2	[{"changed": {"fields": ["Character name"]}}]	7	1
68	2023-07-21 17:55:20.594702-04	28	Mykelti Williamson	2	[{"changed": {"fields": ["Character name"]}}]	7	1
69	2023-07-21 17:55:35.617513-04	29	Sally Field	2	[{"changed": {"fields": ["Character name"]}}]	7	1
70	2023-07-21 17:55:51.316485-04	30	Rebecca Williams	2	[{"changed": {"fields": ["Character name"]}}]	7	1
71	2023-07-21 17:56:06.314496-04	31	Michael Conner Humphreys	2	[{"changed": {"fields": ["Character name"]}}]	7	1
72	2023-07-21 17:56:16.097227-04	32	Harold G. Herthum	2	[{"changed": {"fields": ["Character name"]}}]	7	1
73	2023-07-21 17:56:25.898743-04	33	George Kelly	2	[{"changed": {"fields": ["Character name"]}}]	7	1
74	2023-07-21 17:56:40.63273-04	34	Bob Penny	2	[{"changed": {"fields": ["Character name"]}}]	7	1
75	2023-07-21 17:56:50.580329-04	35	John Randall	2	[{"changed": {"fields": ["Character name"]}}]	7	1
76	2023-07-21 17:56:56.764582-04	35	John Randall	2	[]	7	1
77	2023-07-21 17:57:05.78047-04	36	Sam Anderson	2	[{"changed": {"fields": ["Character name"]}}]	7	1
78	2023-07-21 17:58:48.283975-04	37	Margo Moorer	1	[{"added": {}}]	7	1
79	2023-07-21 17:59:30.552483-04	38	Ione M. Telech	1	[{"added": {}}]	7	1
80	2023-07-21 18:00:14.580033-04	39	Peter Dobson	1	[{"added": {}}]	7	1
81	2023-07-21 18:01:06.64862-04	40	Siobhan Fallon	1	[{"added": {}}]	7	1
82	2023-07-21 18:01:53.96434-04	41	Tyler Long	1	[{"added": {}}]	7	1
83	2023-07-21 18:02:34.535005-04	42	Christopher Jones	1	[{"added": {}}]	7	1
84	2023-07-21 18:03:12.876382-04	43	Grady Bowman	1	[{"added": {}}]	7	1
85	2023-07-21 18:03:56.138418-04	44	Jason McGuire	1	[{"added": {}}]	7	1
86	2023-07-21 18:04:42.011287-04	45	Robert Zemeckis	1	[{"added": {}}]	7	1
87	2023-07-21 18:05:15.873536-04	46	Winston Groom	1	[{"added": {}}]	7	1
88	2023-07-21 18:05:53.009559-04	47	Eric Roth	1	[{"added": {}}]	7	1
89	2023-07-21 18:06:35.954928-04	48	Wendy Finerman	1	[{"added": {}}]	7	1
90	2023-07-21 18:07:12.096826-04	49	Steve Starkey	1	[{"added": {}}]	7	1
91	2023-07-21 18:07:47.21874-04	50	Steve Tisch	1	[{"added": {}}]	7	1
92	2023-07-21 18:08:31.904354-04	51	Alan Silvestri	1	[{"added": {}}]	7	1
93	2023-07-21 18:09:04.997079-04	52	Don Burgess	1	[{"added": {}}]	7	1
94	2023-07-21 18:10:09.769553-04	53	Arthur Schmidt	1	[{"added": {}}]	7	1
95	2023-07-21 18:10:40.761817-04	54	Ellen Lewis	1	[{"added": {}}]	7	1
96	2023-07-21 18:11:11.070082-04	55	Rick Carter	1	[{"added": {}}]	7	1
97	2023-07-21 18:11:43.943962-04	56	Leslie McDonald	1	[{"added": {}}]	7	1
98	2023-07-21 18:12:10.346256-04	57	William James Teegarden	1	[{"added": {}}]	7	1
99	2023-07-21 18:12:39.609271-04	58	Nancy Haigh	1	[{"added": {}}]	7	1
100	2023-07-21 18:13:20.394123-04	59	Joanna Johnston	1	[{"added": {}}]	7	1
101	2023-07-21 18:14:33.166904-04	60	John Gallagher Jr.	1	[{"added": {}}]	7	1
102	2023-07-21 18:15:20.457973-04	61	Kate Siegel	1	[{"added": {}}]	7	1
103	2023-07-21 18:16:00.219703-04	62	Michael Trucco	1	[{"added": {}}]	7	1
104	2023-07-21 18:16:47.364517-04	63	Samantha Sloyan	1	[{"added": {}}]	7	1
105	2023-07-21 18:17:27.335423-04	64	Emma Graves	1	[{"added": {}}]	7	1
106	2023-07-21 18:18:28.288916-04	65	Mike Flanagan	1	[{"added": {}}]	7	1
107	2023-07-21 18:19:11.680615-04	66	Jason Blum	1	[{"added": {}}]	7	1
108	2023-07-21 18:19:44.079641-04	67	Trevor Macy	1	[{"added": {}}]	7	1
109	2023-07-21 18:20:36.961854-04	68	Jeanette Volturno	1	[{"added": {}}]	7	1
110	2023-07-21 18:21:18.868063-04	69	Michael J. Fourticq Sr.	1	[{"added": {}}]	7	1
111	2023-07-21 18:21:52.907565-04	70	Kate Lumpkin	1	[{"added": {}}]	7	1
112	2023-07-21 18:22:39.04012-04	71	Couper Samuelson	1	[{"added": {}}]	7	1
113	2023-07-21 18:23:13.908893-04	72	The Newton Brothers	1	[{"added": {}}]	7	1
114	2023-07-21 18:23:49.607559-04	73	James Kniest	1	[{"added": {}}]	7	1
115	2023-07-21 18:24:36.807379-04	74	Elizabeth Boller	1	[{"added": {}}]	7	1
116	2023-07-21 18:24:57.636531-04	75	Jaan Childs	1	[{"added": {}}]	7	1
117	2023-07-21 18:25:43.864182-04	76	Sally Hawkins	1	[{"added": {}}]	7	1
118	2023-07-21 18:26:25.755337-04	77	Michael Shannon	1	[{"added": {}}]	7	1
119	2023-07-21 18:27:08.656605-04	78	Richard Jenkins	1	[{"added": {}}]	7	1
120	2023-07-21 18:27:46.58956-04	79	Octavia Spencer	1	[{"added": {}}]	7	1
121	2023-07-21 18:28:30.792364-04	80	Michael Stuhlbarg	1	[{"added": {}}]	7	1
122	2023-07-21 18:29:10.444235-04	81	Doug Jones	1	[{"added": {}}]	7	1
123	2023-07-21 18:29:47.324591-04	82	David Hewlett	1	[{"added": {}}]	7	1
124	2023-07-21 18:30:27.549972-04	83	Nick Searcy	1	[{"added": {}}]	7	1
125	2023-07-21 18:31:19.829573-04	84	Stewart Arnott	1	[{"added": {}}]	7	1
126	2023-07-21 18:32:01.070576-04	85	Nigel Bennett	1	[{"added": {}}]	7	1
127	2023-07-21 18:33:09.126462-04	86	Lauren Lee Smith	1	[{"added": {}}]	7	1
128	2023-07-21 18:34:14.438979-04	87	Martin Roach	1	[{"added": {}}]	7	1
129	2023-07-21 18:34:58.602264-04	88	Allegra Fulton	1	[{"added": {}}]	7	1
130	2023-07-21 18:36:40.415822-04	89	John Kapelos	1	[{"added": {}}]	7	1
131	2023-07-21 18:37:20.069177-04	90	Morgan Kelly	1	[{"added": {}}]	7	1
132	2023-07-21 18:38:22.809557-04	91	Guillermo del Toro	1	[{"added": {}}]	7	1
133	2023-07-21 18:38:55.301503-04	92	Vanessa Taylor	1	[{"added": {}}]	7	1
134	2023-07-21 18:39:23.989403-04	93	J. Miles Dale	1	[{"added": {}}]	7	1
135	2023-07-21 18:39:57.971381-04	94	Liz Sayre	1	[{"added": {}}]	7	1
136	2023-07-21 18:40:30.927306-04	95	Dan Lausten	1	[{"added": {}}]	7	1
137	2023-07-21 18:41:04.738304-04	96	Sidney Wolinksy	1	[{"added": {}}]	7	1
138	2023-07-21 18:41:38.707201-04	97	Alexandre Desplat	1	[{"added": {}}]	7	1
139	2023-07-21 18:42:18.506843-04	98	Paule Denham Austerberry	1	[{"added": {}}]	7	1
140	2023-07-21 18:42:50.903477-04	99	Nigel Churcher	1	[{"added": {}}]	7	1
141	2023-07-21 18:43:23.051549-04	100	Shane Vieau	1	[{"added": {}}]	7	1
142	2023-07-21 18:43:56.900435-04	101	Jeffrey A. Melvin	1	[{"added": {}}]	7	1
143	2023-07-21 18:44:47.549274-04	102	Luis Sequeira	1	[{"added": {}}]	7	1
144	2023-07-21 18:45:13.243486-04	103	Robin D. Cook	1	[{"added": {}}]	7	1
145	2023-07-21 18:46:18.008906-04	104	Joaquin Phoenix	1	[{"added": {}}]	7	1
146	2023-07-21 18:47:00.688714-04	105	Jonah Hill	1	[{"added": {}}]	7	1
147	2023-07-21 21:04:04.375774-04	106	Rooney Mara	1	[{"added": {}}]	7	1
148	2023-07-21 21:04:44.676636-04	107	Jack Black	1	[{"added": {}}]	7	1
149	2023-07-21 21:05:34.916789-04	108	Carrie Brownstein	1	[{"added": {}}]	7	1
150	2023-07-21 21:06:57.543759-04	109	Beth Ditto	1	[{"added": {}}]	7	1
151	2023-07-21 21:07:43.509201-04	110	Kim Gordon	1	[{"added": {}}]	7	1
152	2023-07-21 21:08:25.181386-04	111	Udo Kier	1	[{"added": {}}]	7	1
153	2023-07-21 21:09:56.903327-04	112	Emilio Rivera	1	[{"added": {}}]	7	1
154	2023-07-21 21:10:56.536429-04	113	Tony Greenhand	1	[{"added": {}}]	7	1
155	2023-07-21 21:12:12.736026-04	114	Mark Webber	1	[{"added": {}}]	7	1
156	2023-07-21 21:13:24.512651-04	115	Ronnie Adrian	1	[{"added": {}}]	7	1
157	2023-07-21 21:14:12.251061-04	116	Angelique Rivera	1	[{"added": {}}]	7	1
158	2023-07-21 21:15:05.196196-04	117	Rebecca Rittenhouse	1	[{"added": {}}]	7	1
159	2023-07-21 21:15:48.917808-04	118	Jessica Jade Andres	1	[{"added": {}}]	7	1
160	2023-07-21 21:16:32.008394-04	119	Rebecca Field	1	[{"added": {}}]	7	1
161	2023-07-21 21:17:26.366305-04	120	Olivia Hamilton	1	[{"added": {}}]	7	1
162	2023-07-21 21:18:23.403095-04	121	Santina Muha	1	[{"added": {}}]	7	1
163	2023-07-21 21:20:58.01666-04	110	Kim Gordon	2	[{"changed": {"fields": ["Character name"]}}]	7	1
164	2023-07-21 21:21:11.488492-04	111	Udo Kier	2	[{"changed": {"fields": ["Character name"]}}]	7	1
165	2023-07-21 21:21:26.562296-04	112	Emilio Rivera	2	[{"changed": {"fields": ["Character name"]}}]	7	1
166	2023-07-21 21:21:47.937625-04	113	Tony Greenhand	2	[{"changed": {"fields": ["Character name"]}}]	7	1
167	2023-07-21 21:22:21.347431-04	114	Mark Webber	2	[{"changed": {"fields": ["Character name"]}}]	7	1
168	2023-07-21 21:22:44.642861-04	115	Ronnie Adrian	2	[{"changed": {"fields": ["Character name"]}}]	7	1
169	2023-07-21 21:22:59.573252-04	116	Angelique Rivera	2	[{"changed": {"fields": ["Character name"]}}]	7	1
170	2023-07-21 21:23:12.256536-04	117	Rebecca Rittenhouse	2	[{"changed": {"fields": ["Character name"]}}]	7	1
171	2023-07-21 21:23:23.152858-04	118	Jessica Jade Andres	2	[{"changed": {"fields": ["Character name"]}}]	7	1
172	2023-07-21 21:23:38.887926-04	119	Rebecca Field	2	[{"changed": {"fields": ["Character name"]}}]	7	1
173	2023-07-21 21:23:52.223389-04	120	Olivia Hamilton	2	[{"changed": {"fields": ["Character name"]}}]	7	1
174	2023-07-21 21:24:02.982628-04	121	Santina Muha	2	[{"changed": {"fields": ["Character name"]}}]	7	1
175	2023-07-21 21:25:26.33608-04	122	Christopher Thornton	1	[{"added": {}}]	7	1
176	2023-07-21 21:26:06.888055-04	123	Edgar Momplaisir	1	[{"added": {}}]	7	1
177	2023-07-21 21:26:53.546353-04	124	Gus Van Sant	1	[{"added": {}}]	7	1
178	2023-07-21 21:27:30.668195-04	125	Charles-Marie Anthonioz	1	[{"added": {}}]	7	1
179	2023-07-21 21:28:06.021789-04	126	Mourad Belkeddar	1	[{"added": {}}]	7	1
180	2023-07-21 21:28:48.095447-04	127	Steve Golin	1	[{"added": {}}]	7	1
181	2023-07-21 21:29:32.004059-04	128	Nicolas Lhermitte	1	[{"added": {}}]	7	1
182	2023-07-21 21:30:11.466187-04	129	Christopher Blauvelt	1	[{"added": {}}]	7	1
183	2023-07-21 21:30:48.040922-04	130	David Marks	1	[{"added": {}}]	7	1
184	2023-07-21 21:31:22.685182-04	131	Danny Elfman	1	[{"added": {}}]	7	1
185	2023-07-21 21:32:14.248699-04	132	Jahmin Assa	1	[{"added": {}}]	7	1
186	2023-07-21 21:32:50.044839-04	133	Danny Glicker	1	[{"added": {}}]	7	1
187	2023-07-21 21:33:23.622155-04	134	Francine Maisler	1	[{"added": {}}]	7	1
188	2023-07-21 21:34:03.814661-04	135	Kathy Driscoll	1	[{"added": {}}]	7	1
189	2023-07-21 21:43:41.243222-04	1	The Fundamentals of Caring	1	[{"added": {}}]	8	1
190	2023-07-21 21:45:21.773699-04	1	The Fundamentals of Caring	2	[{"changed": {"fields": ["Cast members"]}}]	8	1
191	2023-07-21 21:48:31.795286-04	2	Forrest Gump	1	[{"added": {}}]	8	1
192	2023-07-21 21:52:23.057571-04	3	Hush	1	[{"added": {}}]	8	1
193	2023-07-21 21:53:59.984997-04	2	Forrest Gump	2	[{"changed": {"fields": ["Cast members"]}}]	8	1
194	2023-07-21 21:56:31.565496-04	4	The Shape of Water	1	[{"added": {}}]	8	1
195	2023-07-21 21:59:07.920592-04	5	Don't Worry, He Won't Get Far on Foot	1	[{"added": {}}]	8	1
196	2023-07-21 22:02:17.904784-04	1	Christopher Stone	1	[{"added": {}}]	9	1
197	2023-07-21 22:03:32.036765-04	2	Lisa Lockson	1	[{"added": {}}]	9	1
198	2023-07-21 22:04:48.053079-04	3	Ken Hanke	1	[{"added": {}}]	9	1
199	2023-07-21 22:05:56.73166-04	4	Howland Crowe	1	[{"added": {}}]	9	1
200	2023-07-21 22:06:57.287394-04	5	Emilie Black	1	[{"added": {}}]	9	1
201	2023-07-21 22:08:10.411987-04	6	Jeremy Lowe	1	[{"added": {}}]	9	1
202	2023-07-21 22:09:30.611098-04	7	Stan Clark	1	[{"added": {}}]	9	1
203	2023-07-21 22:10:34.306206-04	8	Ian Thomas Malone	1	[{"added": {}}]	9	1
204	2023-07-21 22:11:47.269448-04	9	Kristen Lopez	1	[{"added": {}}]	9	1
205	2023-07-21 22:12:41.548483-04	10	Chris Feil	1	[{"added": {}}]	9	1
\.


--
-- Data for Name: django_content_type; Type: TABLE DATA; Schema: public; Owner: disabilitysceneuser
--

COPY public.django_content_type (id, app_label, model) FROM stdin;
1	admin	logentry
2	auth	permission
3	auth	group
4	auth	user
5	contenttypes	contenttype
6	sessions	session
7	disabilityscene	cast
8	disabilityscene	movie
9	disabilityscene	review
\.


--
-- Data for Name: django_migrations; Type: TABLE DATA; Schema: public; Owner: disabilitysceneuser
--

COPY public.django_migrations (id, app, name, applied) FROM stdin;
1	contenttypes	0001_initial	2023-07-21 17:13:19.683779-04
2	auth	0001_initial	2023-07-21 17:13:19.743505-04
3	admin	0001_initial	2023-07-21 17:13:19.756461-04
4	admin	0002_logentry_remove_auto_add	2023-07-21 17:13:19.76131-04
5	admin	0003_logentry_add_action_flag_choices	2023-07-21 17:13:19.765919-04
6	contenttypes	0002_remove_content_type_name	2023-07-21 17:13:19.77491-04
7	auth	0002_alter_permission_name_max_length	2023-07-21 17:13:19.779804-04
8	auth	0003_alter_user_email_max_length	2023-07-21 17:13:19.785776-04
9	auth	0004_alter_user_username_opts	2023-07-21 17:13:19.790159-04
10	auth	0005_alter_user_last_login_null	2023-07-21 17:13:19.794866-04
11	auth	0006_require_contenttypes_0002	2023-07-21 17:13:19.797024-04
12	auth	0007_alter_validators_add_error_messages	2023-07-21 17:13:19.801776-04
13	auth	0008_alter_user_username_max_length	2023-07-21 17:13:19.810587-04
14	auth	0009_alter_user_last_name_max_length	2023-07-21 17:13:19.815316-04
15	auth	0010_alter_group_name_max_length	2023-07-21 17:13:19.821407-04
16	auth	0011_update_proxy_permissions	2023-07-21 17:13:19.826165-04
17	auth	0012_alter_user_first_name_max_length	2023-07-21 17:13:19.831844-04
18	disabilityscene	0001_initial	2023-07-21 17:13:19.864922-04
19	sessions	0001_initial	2023-07-21 17:13:19.874244-04
20	disabilityscene	0002_cast_character_name	2023-07-21 17:44:56.845904-04
21	disabilityscene	0003_alter_movie_disabilities_alter_movie_duration	2023-07-21 21:36:51.888913-04
22	disabilityscene	0004_alter_review_accuracy_score_and_more	2023-07-21 22:01:55.130301-04
23	disabilityscene	0005_auto_20230722_2054	2023-07-22 17:24:57.315439-04
24	disabilityscene	0006_auto_20230722_2105	2023-07-22 17:24:57.33779-04
25	disabilityscene	0007_auto_20230722_2121	2023-07-22 17:24:57.343871-04
\.


--
-- Data for Name: django_session; Type: TABLE DATA; Schema: public; Owner: disabilitysceneuser
--

COPY public.django_session (session_key, session_data, expire_date) FROM stdin;
kou4heom7i01cpw7tldt8u8xjti0dm63	.eJxVjEsOgzAMRO-SdRU5IebTZfecIXJsp9BWIBFYVb17QWLRLmfem3mbSNs6xK3oEkcxV-PM5bdLxE-dDiAPmu6z5XlalzHZQ7EnLbafRV-30_07GKgM-xo1C3QQ6qYKHhEyAlU1gbR7bLoQErMHTT6DZ-2g5gqlkRYTu5aCM58vv8k3MA:1qMxWA:cHptekUg_rF4OU1fWaaRASK53sYc2yF_U0h5IduzLBg	2023-08-04 17:18:30.771109-04
\.


--
-- Name: auth_group_id_seq; Type: SEQUENCE SET; Schema: public; Owner: disabilitysceneuser
--

SELECT pg_catalog.setval('public.auth_group_id_seq', 1, false);


--
-- Name: auth_group_permissions_id_seq; Type: SEQUENCE SET; Schema: public; Owner: disabilitysceneuser
--

SELECT pg_catalog.setval('public.auth_group_permissions_id_seq', 1, false);


--
-- Name: auth_permission_id_seq; Type: SEQUENCE SET; Schema: public; Owner: disabilitysceneuser
--

SELECT pg_catalog.setval('public.auth_permission_id_seq', 36, true);


--
-- Name: auth_user_groups_id_seq; Type: SEQUENCE SET; Schema: public; Owner: disabilitysceneuser
--

SELECT pg_catalog.setval('public.auth_user_groups_id_seq', 1, false);


--
-- Name: auth_user_id_seq; Type: SEQUENCE SET; Schema: public; Owner: disabilitysceneuser
--

SELECT pg_catalog.setval('public.auth_user_id_seq', 1, true);


--
-- Name: auth_user_user_permissions_id_seq; Type: SEQUENCE SET; Schema: public; Owner: disabilitysceneuser
--

SELECT pg_catalog.setval('public.auth_user_user_permissions_id_seq', 1, false);


--
-- Name: disabilityscene_cast_id_seq; Type: SEQUENCE SET; Schema: public; Owner: disabilitysceneuser
--

SELECT pg_catalog.setval('public.disabilityscene_cast_id_seq', 135, true);


--
-- Name: disabilityscene_movie_cast_members_id_seq; Type: SEQUENCE SET; Schema: public; Owner: disabilitysceneuser
--

SELECT pg_catalog.setval('public.disabilityscene_movie_cast_members_id_seq', 151, true);


--
-- Name: disabilityscene_movie_id_seq; Type: SEQUENCE SET; Schema: public; Owner: disabilitysceneuser
--

SELECT pg_catalog.setval('public.disabilityscene_movie_id_seq', 5, true);


--
-- Name: disabilityscene_review_id_seq; Type: SEQUENCE SET; Schema: public; Owner: disabilitysceneuser
--

SELECT pg_catalog.setval('public.disabilityscene_review_id_seq', 10, true);


--
-- Name: django_admin_log_id_seq; Type: SEQUENCE SET; Schema: public; Owner: disabilitysceneuser
--

SELECT pg_catalog.setval('public.django_admin_log_id_seq', 205, true);


--
-- Name: django_content_type_id_seq; Type: SEQUENCE SET; Schema: public; Owner: disabilitysceneuser
--

SELECT pg_catalog.setval('public.django_content_type_id_seq', 9, true);


--
-- Name: django_migrations_id_seq; Type: SEQUENCE SET; Schema: public; Owner: disabilitysceneuser
--

SELECT pg_catalog.setval('public.django_migrations_id_seq', 25, true);


--
-- Name: auth_group auth_group_name_key; Type: CONSTRAINT; Schema: public; Owner: disabilitysceneuser
--

ALTER TABLE ONLY public.auth_group
    ADD CONSTRAINT auth_group_name_key UNIQUE (name);


--
-- Name: auth_group_permissions auth_group_permissions_group_id_permission_id_0cd325b0_uniq; Type: CONSTRAINT; Schema: public; Owner: disabilitysceneuser
--

ALTER TABLE ONLY public.auth_group_permissions
    ADD CONSTRAINT auth_group_permissions_group_id_permission_id_0cd325b0_uniq UNIQUE (group_id, permission_id);


--
-- Name: auth_group_permissions auth_group_permissions_pkey; Type: CONSTRAINT; Schema: public; Owner: disabilitysceneuser
--

ALTER TABLE ONLY public.auth_group_permissions
    ADD CONSTRAINT auth_group_permissions_pkey PRIMARY KEY (id);


--
-- Name: auth_group auth_group_pkey; Type: CONSTRAINT; Schema: public; Owner: disabilitysceneuser
--

ALTER TABLE ONLY public.auth_group
    ADD CONSTRAINT auth_group_pkey PRIMARY KEY (id);


--
-- Name: auth_permission auth_permission_content_type_id_codename_01ab375a_uniq; Type: CONSTRAINT; Schema: public; Owner: disabilitysceneuser
--

ALTER TABLE ONLY public.auth_permission
    ADD CONSTRAINT auth_permission_content_type_id_codename_01ab375a_uniq UNIQUE (content_type_id, codename);


--
-- Name: auth_permission auth_permission_pkey; Type: CONSTRAINT; Schema: public; Owner: disabilitysceneuser
--

ALTER TABLE ONLY public.auth_permission
    ADD CONSTRAINT auth_permission_pkey PRIMARY KEY (id);


--
-- Name: auth_user_groups auth_user_groups_pkey; Type: CONSTRAINT; Schema: public; Owner: disabilitysceneuser
--

ALTER TABLE ONLY public.auth_user_groups
    ADD CONSTRAINT auth_user_groups_pkey PRIMARY KEY (id);


--
-- Name: auth_user_groups auth_user_groups_user_id_group_id_94350c0c_uniq; Type: CONSTRAINT; Schema: public; Owner: disabilitysceneuser
--

ALTER TABLE ONLY public.auth_user_groups
    ADD CONSTRAINT auth_user_groups_user_id_group_id_94350c0c_uniq UNIQUE (user_id, group_id);


--
-- Name: auth_user auth_user_pkey; Type: CONSTRAINT; Schema: public; Owner: disabilitysceneuser
--

ALTER TABLE ONLY public.auth_user
    ADD CONSTRAINT auth_user_pkey PRIMARY KEY (id);


--
-- Name: auth_user_user_permissions auth_user_user_permissions_pkey; Type: CONSTRAINT; Schema: public; Owner: disabilitysceneuser
--

ALTER TABLE ONLY public.auth_user_user_permissions
    ADD CONSTRAINT auth_user_user_permissions_pkey PRIMARY KEY (id);


--
-- Name: auth_user_user_permissions auth_user_user_permissions_user_id_permission_id_14a6b632_uniq; Type: CONSTRAINT; Schema: public; Owner: disabilitysceneuser
--

ALTER TABLE ONLY public.auth_user_user_permissions
    ADD CONSTRAINT auth_user_user_permissions_user_id_permission_id_14a6b632_uniq UNIQUE (user_id, permission_id);


--
-- Name: auth_user auth_user_username_key; Type: CONSTRAINT; Schema: public; Owner: disabilitysceneuser
--

ALTER TABLE ONLY public.auth_user
    ADD CONSTRAINT auth_user_username_key UNIQUE (username);


--
-- Name: disabilityscene_cast disabilityscene_cast_pkey; Type: CONSTRAINT; Schema: public; Owner: disabilitysceneuser
--

ALTER TABLE ONLY public.disabilityscene_cast
    ADD CONSTRAINT disabilityscene_cast_pkey PRIMARY KEY (id);


--
-- Name: disabilityscene_movie_cast_members disabilityscene_movie_ca_movie_id_cast_id_4e421535_uniq; Type: CONSTRAINT; Schema: public; Owner: disabilitysceneuser
--

ALTER TABLE ONLY public.disabilityscene_movie_cast_members
    ADD CONSTRAINT disabilityscene_movie_ca_movie_id_cast_id_4e421535_uniq UNIQUE (movie_id, cast_id);


--
-- Name: disabilityscene_movie_cast_members disabilityscene_movie_cast_members_pkey; Type: CONSTRAINT; Schema: public; Owner: disabilitysceneuser
--

ALTER TABLE ONLY public.disabilityscene_movie_cast_members
    ADD CONSTRAINT disabilityscene_movie_cast_members_pkey PRIMARY KEY (id);


--
-- Name: disabilityscene_movie disabilityscene_movie_pkey; Type: CONSTRAINT; Schema: public; Owner: disabilitysceneuser
--

ALTER TABLE ONLY public.disabilityscene_movie
    ADD CONSTRAINT disabilityscene_movie_pkey PRIMARY KEY (id);


--
-- Name: disabilityscene_review disabilityscene_review_pkey; Type: CONSTRAINT; Schema: public; Owner: disabilitysceneuser
--

ALTER TABLE ONLY public.disabilityscene_review
    ADD CONSTRAINT disabilityscene_review_pkey PRIMARY KEY (id);


--
-- Name: django_admin_log django_admin_log_pkey; Type: CONSTRAINT; Schema: public; Owner: disabilitysceneuser
--

ALTER TABLE ONLY public.django_admin_log
    ADD CONSTRAINT django_admin_log_pkey PRIMARY KEY (id);


--
-- Name: django_content_type django_content_type_app_label_model_76bd3d3b_uniq; Type: CONSTRAINT; Schema: public; Owner: disabilitysceneuser
--

ALTER TABLE ONLY public.django_content_type
    ADD CONSTRAINT django_content_type_app_label_model_76bd3d3b_uniq UNIQUE (app_label, model);


--
-- Name: django_content_type django_content_type_pkey; Type: CONSTRAINT; Schema: public; Owner: disabilitysceneuser
--

ALTER TABLE ONLY public.django_content_type
    ADD CONSTRAINT django_content_type_pkey PRIMARY KEY (id);


--
-- Name: django_migrations django_migrations_pkey; Type: CONSTRAINT; Schema: public; Owner: disabilitysceneuser
--

ALTER TABLE ONLY public.django_migrations
    ADD CONSTRAINT django_migrations_pkey PRIMARY KEY (id);


--
-- Name: django_session django_session_pkey; Type: CONSTRAINT; Schema: public; Owner: disabilitysceneuser
--

ALTER TABLE ONLY public.django_session
    ADD CONSTRAINT django_session_pkey PRIMARY KEY (session_key);


--
-- Name: auth_group_name_a6ea08ec_like; Type: INDEX; Schema: public; Owner: disabilitysceneuser
--

CREATE INDEX auth_group_name_a6ea08ec_like ON public.auth_group USING btree (name varchar_pattern_ops);


--
-- Name: auth_group_permissions_group_id_b120cbf9; Type: INDEX; Schema: public; Owner: disabilitysceneuser
--

CREATE INDEX auth_group_permissions_group_id_b120cbf9 ON public.auth_group_permissions USING btree (group_id);


--
-- Name: auth_group_permissions_permission_id_84c5c92e; Type: INDEX; Schema: public; Owner: disabilitysceneuser
--

CREATE INDEX auth_group_permissions_permission_id_84c5c92e ON public.auth_group_permissions USING btree (permission_id);


--
-- Name: auth_permission_content_type_id_2f476e4b; Type: INDEX; Schema: public; Owner: disabilitysceneuser
--

CREATE INDEX auth_permission_content_type_id_2f476e4b ON public.auth_permission USING btree (content_type_id);


--
-- Name: auth_user_groups_group_id_97559544; Type: INDEX; Schema: public; Owner: disabilitysceneuser
--

CREATE INDEX auth_user_groups_group_id_97559544 ON public.auth_user_groups USING btree (group_id);


--
-- Name: auth_user_groups_user_id_6a12ed8b; Type: INDEX; Schema: public; Owner: disabilitysceneuser
--

CREATE INDEX auth_user_groups_user_id_6a12ed8b ON public.auth_user_groups USING btree (user_id);


--
-- Name: auth_user_user_permissions_permission_id_1fbb5f2c; Type: INDEX; Schema: public; Owner: disabilitysceneuser
--

CREATE INDEX auth_user_user_permissions_permission_id_1fbb5f2c ON public.auth_user_user_permissions USING btree (permission_id);


--
-- Name: auth_user_user_permissions_user_id_a95ead1b; Type: INDEX; Schema: public; Owner: disabilitysceneuser
--

CREATE INDEX auth_user_user_permissions_user_id_a95ead1b ON public.auth_user_user_permissions USING btree (user_id);


--
-- Name: auth_user_username_6821ab7c_like; Type: INDEX; Schema: public; Owner: disabilitysceneuser
--

CREATE INDEX auth_user_username_6821ab7c_like ON public.auth_user USING btree (username varchar_pattern_ops);


--
-- Name: disabilityscene_movie_cast_members_cast_id_8fdad4b2; Type: INDEX; Schema: public; Owner: disabilitysceneuser
--

CREATE INDEX disabilityscene_movie_cast_members_cast_id_8fdad4b2 ON public.disabilityscene_movie_cast_members USING btree (cast_id);


--
-- Name: disabilityscene_movie_cast_members_movie_id_575e19ef; Type: INDEX; Schema: public; Owner: disabilitysceneuser
--

CREATE INDEX disabilityscene_movie_cast_members_movie_id_575e19ef ON public.disabilityscene_movie_cast_members USING btree (movie_id);


--
-- Name: disabilityscene_review_movie_id_ee77b419; Type: INDEX; Schema: public; Owner: disabilitysceneuser
--

CREATE INDEX disabilityscene_review_movie_id_ee77b419 ON public.disabilityscene_review USING btree (movie_id);


--
-- Name: django_admin_log_content_type_id_c4bce8eb; Type: INDEX; Schema: public; Owner: disabilitysceneuser
--

CREATE INDEX django_admin_log_content_type_id_c4bce8eb ON public.django_admin_log USING btree (content_type_id);


--
-- Name: django_admin_log_user_id_c564eba6; Type: INDEX; Schema: public; Owner: disabilitysceneuser
--

CREATE INDEX django_admin_log_user_id_c564eba6 ON public.django_admin_log USING btree (user_id);


--
-- Name: django_session_expire_date_a5c62663; Type: INDEX; Schema: public; Owner: disabilitysceneuser
--

CREATE INDEX django_session_expire_date_a5c62663 ON public.django_session USING btree (expire_date);


--
-- Name: django_session_session_key_c0390e0f_like; Type: INDEX; Schema: public; Owner: disabilitysceneuser
--

CREATE INDEX django_session_session_key_c0390e0f_like ON public.django_session USING btree (session_key varchar_pattern_ops);


--
-- Name: auth_group_permissions auth_group_permissio_permission_id_84c5c92e_fk_auth_perm; Type: FK CONSTRAINT; Schema: public; Owner: disabilitysceneuser
--

ALTER TABLE ONLY public.auth_group_permissions
    ADD CONSTRAINT auth_group_permissio_permission_id_84c5c92e_fk_auth_perm FOREIGN KEY (permission_id) REFERENCES public.auth_permission(id) DEFERRABLE INITIALLY DEFERRED;


--
-- Name: auth_group_permissions auth_group_permissions_group_id_b120cbf9_fk_auth_group_id; Type: FK CONSTRAINT; Schema: public; Owner: disabilitysceneuser
--

ALTER TABLE ONLY public.auth_group_permissions
    ADD CONSTRAINT auth_group_permissions_group_id_b120cbf9_fk_auth_group_id FOREIGN KEY (group_id) REFERENCES public.auth_group(id) DEFERRABLE INITIALLY DEFERRED;


--
-- Name: auth_permission auth_permission_content_type_id_2f476e4b_fk_django_co; Type: FK CONSTRAINT; Schema: public; Owner: disabilitysceneuser
--

ALTER TABLE ONLY public.auth_permission
    ADD CONSTRAINT auth_permission_content_type_id_2f476e4b_fk_django_co FOREIGN KEY (content_type_id) REFERENCES public.django_content_type(id) DEFERRABLE INITIALLY DEFERRED;


--
-- Name: auth_user_groups auth_user_groups_group_id_97559544_fk_auth_group_id; Type: FK CONSTRAINT; Schema: public; Owner: disabilitysceneuser
--

ALTER TABLE ONLY public.auth_user_groups
    ADD CONSTRAINT auth_user_groups_group_id_97559544_fk_auth_group_id FOREIGN KEY (group_id) REFERENCES public.auth_group(id) DEFERRABLE INITIALLY DEFERRED;


--
-- Name: auth_user_groups auth_user_groups_user_id_6a12ed8b_fk_auth_user_id; Type: FK CONSTRAINT; Schema: public; Owner: disabilitysceneuser
--

ALTER TABLE ONLY public.auth_user_groups
    ADD CONSTRAINT auth_user_groups_user_id_6a12ed8b_fk_auth_user_id FOREIGN KEY (user_id) REFERENCES public.auth_user(id) DEFERRABLE INITIALLY DEFERRED;


--
-- Name: auth_user_user_permissions auth_user_user_permi_permission_id_1fbb5f2c_fk_auth_perm; Type: FK CONSTRAINT; Schema: public; Owner: disabilitysceneuser
--

ALTER TABLE ONLY public.auth_user_user_permissions
    ADD CONSTRAINT auth_user_user_permi_permission_id_1fbb5f2c_fk_auth_perm FOREIGN KEY (permission_id) REFERENCES public.auth_permission(id) DEFERRABLE INITIALLY DEFERRED;


--
-- Name: auth_user_user_permissions auth_user_user_permissions_user_id_a95ead1b_fk_auth_user_id; Type: FK CONSTRAINT; Schema: public; Owner: disabilitysceneuser
--

ALTER TABLE ONLY public.auth_user_user_permissions
    ADD CONSTRAINT auth_user_user_permissions_user_id_a95ead1b_fk_auth_user_id FOREIGN KEY (user_id) REFERENCES public.auth_user(id) DEFERRABLE INITIALLY DEFERRED;


--
-- Name: disabilityscene_movie_cast_members disabilityscene_movi_cast_id_8fdad4b2_fk_disabilit; Type: FK CONSTRAINT; Schema: public; Owner: disabilitysceneuser
--

ALTER TABLE ONLY public.disabilityscene_movie_cast_members
    ADD CONSTRAINT disabilityscene_movi_cast_id_8fdad4b2_fk_disabilit FOREIGN KEY (cast_id) REFERENCES public.disabilityscene_cast(id) DEFERRABLE INITIALLY DEFERRED;


--
-- Name: disabilityscene_movie_cast_members disabilityscene_movi_movie_id_575e19ef_fk_disabilit; Type: FK CONSTRAINT; Schema: public; Owner: disabilitysceneuser
--

ALTER TABLE ONLY public.disabilityscene_movie_cast_members
    ADD CONSTRAINT disabilityscene_movi_movie_id_575e19ef_fk_disabilit FOREIGN KEY (movie_id) REFERENCES public.disabilityscene_movie(id) DEFERRABLE INITIALLY DEFERRED;


--
-- Name: disabilityscene_review disabilityscene_revi_movie_id_ee77b419_fk_disabilit; Type: FK CONSTRAINT; Schema: public; Owner: disabilitysceneuser
--

ALTER TABLE ONLY public.disabilityscene_review
    ADD CONSTRAINT disabilityscene_revi_movie_id_ee77b419_fk_disabilit FOREIGN KEY (movie_id) REFERENCES public.disabilityscene_movie(id) DEFERRABLE INITIALLY DEFERRED;


--
-- Name: django_admin_log django_admin_log_content_type_id_c4bce8eb_fk_django_co; Type: FK CONSTRAINT; Schema: public; Owner: disabilitysceneuser
--

ALTER TABLE ONLY public.django_admin_log
    ADD CONSTRAINT django_admin_log_content_type_id_c4bce8eb_fk_django_co FOREIGN KEY (content_type_id) REFERENCES public.django_content_type(id) DEFERRABLE INITIALLY DEFERRED;


--
-- Name: django_admin_log django_admin_log_user_id_c564eba6_fk_auth_user_id; Type: FK CONSTRAINT; Schema: public; Owner: disabilitysceneuser
--

ALTER TABLE ONLY public.django_admin_log
    ADD CONSTRAINT django_admin_log_user_id_c564eba6_fk_auth_user_id FOREIGN KEY (user_id) REFERENCES public.auth_user(id) DEFERRABLE INITIALLY DEFERRED;


--
-- PostgreSQL database dump complete
--

